id,sentiment
33527,0
23058,1
21058,0
31732,1
17285,1
42827,0
21696,0
28275,1
39743,0
24092,0
7314,0
9374,1
39753,0
1651,1
3890,0
33080,1
3794,1
27132,1
3412,1
44014,1
1137,1
12132,1
8704,1
17178,1
35534,1
9215,1
11200,1
18979,1
18845,0
4283,0
15591,0
22466,1
28479,0
19809,0
10867,1
9365,0
21056,1
21586,1
1673,1
27972,0
13539,0
2585,0
14597,0
19720,0
22554,1
44556,1
27872,0
49402,1
688,0
19420,0
37042,1
17137,0
41927,1
46778,1
36917,1
16205,1
35380,0
28825,1
3562,1
936,1
13277,1
1114,0
14248,0
29204,0
33141,1
25004,1
12052,0
47029,0
26618,1
18947,1
11502,1
43241,0
25825,0
15229,0
46999,1
27404,0
17937,1
37928,1
35276,0
35873,0
28741,0
19096,0
15813,1
36232,1
15569,0
9460,0
32393,1
58,0
46199,0
28957,1
48973,0
6726,1
8716,0
3160,0
7880,1
23993,0
12558,1
5713,1
38082,1
35284,0
33476,0
32215,1
5678,1
19347,0
15546,0
37595,1
35455,0
43089,1
18286,1
35283,1
35831,0
7677,1
23660,0
24924,1
30020,0
23428,0
8296,1
2271,1
20972,0
41246,0
22137,0
3583,1
6421,0
2425,1
42480,0
2404,1
22056,0
20667,0
45462,0
28584,0
28029,0
24383,0
6671,1
29507,0
36369,1
3568,0
12033,1
38071,1
33225,1
10665,1
739,1
34879,0
33061,0
32147,0
14215,1
13855,1
20966,0
39519,0
2623,0
15881,0
17548,1
18168,0
19058,0
10328,0
32087,0
9903,0
38818,0
49023,1
11981,0
15013,1
44167,1
5124,1
40127,0
27827,1
24643,1
41515,1
21320,0
882,1
41543,1
49339,1
6238,1
12028,0
26886,0
8537,1
10670,1
18225,1
12634,1
41371,1
26631,1
27360,1
12230,0
17461,0
4682,1
30829,1
32964,0
20450,0
20413,0
41487,0
47542,0
4488,1
49028,0
18819,1
35913,0
22679,0
17596,0
37375,1
20485,0
39977,0
15759,1
43411,1
14867,1
24132,1
46884,1
22753,0
28883,1
19588,1
37816,1
22715,0
29779,1
17365,0
49972,0
16658,0
43042,1
10425,1
11234,0
34471,1
4088,1
34318,0
17936,0
43866,1
12577,0
20864,0
26027,1
37795,0
17714,1
35191,0
31915,0
33017,1
9798,1
41867,0
7111,0
27141,1
11274,1
13724,0
25180,0
31529,1
41748,0
23679,1
27675,0
2565,1
11339,0
26819,0
1895,0
20474,0
8913,1
7866,0
40138,0
39934,0
25712,0
23112,0
9982,0
27034,1
4848,0
23981,0
24207,0
12006,1
46134,1
27443,0
2594,0
33179,0
7423,1
47579,1
28609,1
12511,0
7364,1
10980,0
17052,1
38942,1
35399,0
32298,1
2178,0
17279,1
34460,1
38978,0
6504,1
12291,0
31959,0
5534,1
41202,1
10758,1
34385,0
22401,0
1938,1
12721,0
45674,1
43541,1
34692,0
35627,1
4805,1
33605,1
37864,0
26545,0
3976,1
8361,0
30866,1
31111,0
44400,1
31441,1
1825,1
19449,0
28388,0
46877,1
28872,0
23948,1
23326,0
33491,0
43179,1
2586,1
25855,0
46501,0
135,0
41913,1
1738,0
15616,0
14993,0
48730,0
14888,1
27083,1
14335,1
43445,1
43507,1
40000,0
5932,0
2785,1
35366,0
24294,1
18164,0
41612,1
4741,1
25881,1
48293,1
13605,0
8853,1
10037,1
40332,0
3505,1
19727,1
36180,1
37663,0
21012,1
39374,0
43578,0
47514,1
46656,0
9170,0
34149,1
28774,1
46031,0
38219,0
11096,0
27719,0
11259,0
37615,1
20136,1
9930,0
45147,0
10456,0
3823,0
15815,1
27442,0
35531,1
49239,1
27140,1
6514,0
39414,0
22527,1
37919,0
12584,1
35740,1
45970,1
24227,0
25977,0
23334,1
35843,1
43191,1
20032,0
19801,1
1875,0
48654,1
37319,0
31739,1
27502,0
6625,1
28845,0
41666,0
30225,1
38883,0
34915,0
44716,0
474,1
33273,1
6508,1
37076,0
35676,1
16453,0
35785,1
45931,0
886,1
14417,1
4498,1
40134,0
1712,0
19894,0
676,1
15146,1
42244,1
28001,0
3998,1
47921,0
24535,0
3704,1
1635,1
12162,0
18886,0
1560,0
10681,0
37123,0
23461,0
16596,1
33568,0
20397,1
21269,0
15848,0
41830,0
34700,0
48684,1
21054,1
30586,0
24868,1
31664,0
46320,0
27386,0
46951,0
44129,0
28117,0
16111,1
14576,1
39732,0
29745,0
5348,1
30600,0
46957,1
44356,1
37040,0
40747,0
36793,0
29712,0
48536,1
48173,0
14963,0
20514,1
8150,1
43844,0
10151,0
22977,0
42599,0
23148,1
5666,1
32428,0
41899,0
7119,1
20796,0
47119,0
49072,1
41826,1
48350,0
45677,0
44616,0
43441,0
3401,0
24037,1
18481,0
38314,0
6536,0
984,1
2879,1
38855,0
29949,0
30382,1
40957,0
2878,1
49073,1
16416,1
6696,0
33342,0
45797,1
40788,0
14178,0
28838,0
32583,0
9583,0
21026,0
15420,0
33246,1
25574,0
38593,1
8194,0
10146,1
40486,0
41255,0
14093,0
27752,1
6101,0
2832,1
40882,0
45,0
9953,0
24996,1
18185,0
21239,0
11336,1
39708,1
45765,0
1217,0
4764,1
29008,0
12108,1
4668,1
25754,1
44370,0
40790,0
23723,1
20657,0
13263,0
2560,0
15122,0
16542,1
27919,1
49876,1
11668,0
15775,1
1996,1
30356,1
47354,0
18745,0
31031,0
33763,1
34014,1
4509,1
19006,0
16002,0
26120,0
32286,0
5759,0
37427,0
27586,1
35972,0
5744,0
17170,0
5352,1
10018,1
8622,0
15405,0
32628,1
36613,1
33928,0
25433,0
22030,0
8760,1
13547,1
18265,0
45530,0
44434,1
8167,1
30793,1
12768,0
21760,0
37479,0
23822,1
17561,0
8543,0
34321,0
41715,0
23119,0
6832,1
43031,1
1671,1
15439,1
1141,1
4824,1
24908,1
25424,0
9862,0
18335,0
4618,0
43139,0
18137,1
292,1
1721,1
2410,0
26265,0
11068,1
32419,0
37025,0
21236,1
45172,1
9849,1
24466,1
48247,1
33494,0
47138,0
28172,0
40961,1
16458,0
16299,1
16841,0
10165,1
22790,1
27613,0
22417,0
39694,1
21535,0
998,0
18448,0
5355,0
9658,0
22573,0
9439,1
34099,0
37544,0
35315,1
25677,1
8237,1
574,1
48437,1
17074,0
8514,1
30572,0
771,0
10661,1
45028,0
25145,1
16321,0
47276,1
46217,0
32426,1
43899,0
46493,0
9286,1
16307,0
48345,1
853,0
30049,0
46979,1
27263,1
36109,0
6648,0
33504,0
40791,1
19315,0
41340,1
27419,1
11895,1
23597,1
33616,0
2139,1
43240,1
28190,0
23161,0
3437,0
42552,1
18360,0
477,0
46351,0
219,1
21726,1
18596,0
23176,0
30986,1
43298,0
10046,1
34480,0
5512,0
34574,1
27626,1
48141,1
753,0
35803,1
16429,0
32816,0
15343,0
41795,1
33532,1
8940,1
48331,0
378,1
4696,1
45636,1
46535,1
29675,0
43238,0
25794,0
31233,1
15302,0
30836,1
10943,1
44567,1
30999,1
18912,1
22909,1
43719,0
38849,1
24088,1
3795,1
44777,1
20562,1
8657,0
12200,0
11066,0
7672,1
35681,0
48203,0
18830,1
6836,0
37850,1
9550,0
22037,1
45018,0
48156,0
10678,1
23362,1
8396,0
990,0
26156,0
1833,0
41088,0
30439,1
42044,0
44765,1
24973,1
19578,1
15806,1
2938,1
973,1
44277,1
33646,0
48241,1
31464,0
23895,0
27179,1
31223,1
23904,1
16918,0
44924,0
15652,0
7835,1
47277,0
16065,1
16341,1
13488,1
11680,1
20196,1
35132,1
22451,1
33467,1
7962,1
45545,0
11113,0
42078,0
28408,0
28,1
27676,1
8308,0
26945,0
46926,0
12376,1
42152,1
27819,0
15178,1
33250,1
34257,0
4881,1
2096,0
34456,0
45473,1
46338,1
473,1
33156,0
28886,1
46982,0
22944,1
2191,1
2126,0
17330,1
15281,1
11608,0
30144,0
21900,0
38809,1
39308,0
42090,1
42135,0
19770,1
20532,0
14354,0
10064,1
25957,0
24223,1
34472,0
38123,1
12036,1
34768,1
34448,1
40634,0
5431,1
16291,0
2508,1
47959,1
7648,1
8828,0
12243,1
19665,1
2061,1
29379,1
28850,0
48132,0
5695,1
27402,0
29465,0
16460,0
12668,1
48742,0
10579,0
39487,1
12722,1
44719,1
25126,1
26426,0
39158,0
45928,1
12671,1
18771,1
33734,1
47837,1
7681,0
37197,1
39830,1
23701,0
1165,1
20900,1
16633,0
32873,0
22442,1
49601,1
44377,0
48625,0
7039,0
26188,1
24162,0
8811,0
23321,1
10134,0
38221,1
41322,1
31902,0
38349,0
17995,0
12309,0
13700,1
26628,1
14251,1
21075,1
42785,0
8632,0
32971,0
8799,1
29523,0
6788,1
40569,1
21956,0
36840,0
12340,1
28227,1
35235,0
5157,1
35374,1
584,1
31807,0
29342,1
49404,1
2877,0
13857,1
8442,1
1814,1
48809,1
3084,1
28435,0
34869,1
10106,0
20524,1
28856,1
35453,1
33260,0
33229,1
21288,1
38542,1
7075,1
13657,0
22825,1
19354,1
36398,0
40260,1
35028,1
48099,0
31605,0
31440,0
24244,0
23563,1
36674,1
15984,1
36487,1
10896,1
42911,1
22481,0
44330,1
39680,1
31423,1
20197,0
18697,0
46415,1
5270,1
5042,1
49113,0
7481,0
16660,0
17082,0
14262,1
13970,0
33323,0
25260,0
16854,0
11335,1
36964,1
4758,1
14480,0
11759,0
39520,1
1971,1
10803,1
12719,0
24811,1
11949,0
11291,1
15720,1
39131,0
30627,0
17156,1
23004,1
7653,0
10849,0
24024,0
40378,1
19155,0
18521,0
10271,1
38699,0
22353,0
16264,1
21838,1
16561,1
19682,0
38045,0
11942,1
7203,1
33594,1
16431,0
25568,0
23874,1
17283,0
45328,1
12069,1
29236,0
7498,1
39644,1
47390,0
2892,0
29454,1
29624,1
2682,0
39653,0
31478,1
30176,0
32437,1
36728,0
37920,1
20747,0
19436,0
6006,0
25931,1
13059,1
49329,1
23543,1
48888,1
44323,1
48237,0
33785,1
39270,0
43113,1
31442,0
38710,1
46959,1
12779,1
47325,0
41509,0
24297,0
7000,1
8389,1
14800,0
4603,1
45224,0
4446,1
30647,0
43826,1
25798,1
43740,0
563,0
21109,1
20057,1
1245,0
20351,1
27667,0
11666,1
12662,0
19598,1
899,1
30937,1
36591,1
47564,1
6221,0
21659,0
48346,0
23210,0
46271,1
35625,1
36997,1
22585,0
45381,0
43655,1
20510,0
13426,1
22139,0
3941,0
36564,0
38116,1
40446,0
42492,0
36264,0
21999,0
24805,1
43582,1
45160,1
44084,0
23045,0
4602,1
12710,1
35452,0
14816,1
33861,1
33552,0
37280,0
29794,1
24873,1
10550,1
5295,1
29112,0
32621,1
25734,1
14960,1
24639,1
43481,0
5133,0
9950,1
410,1
47702,1
12417,0
17511,1
40661,0
49296,1
823,1
2002,1
2843,0
26741,0
19108,0
32199,0
49921,0
14639,0
28553,1
29306,0
27349,1
33983,1
34307,0
42324,0
14995,0
40183,1
49377,0
23960,0
31044,1
27300,0
12918,1
14157,0
35450,0
12899,0
39183,1
49548,0
8115,1
3538,1
16920,1
47075,0
32666,1
48447,0
45987,0
34035,0
27668,1
48045,0
19043,0
46003,1
6117,0
21137,0
4451,0
20608,0
21145,0
6455,1
30401,0
28250,1
7443,1
2756,0
10901,0
43904,1
39012,0
6796,1
23852,0
10090,1
642,0
37035,0
38927,1
44606,0
5873,0
39869,0
34186,1
1523,0
4559,1
12914,0
5971,1
28714,0
8562,0
31876,1
14336,1
24584,0
2045,1
36174,0
25318,0
45227,1
2995,0
7656,1
14089,0
46326,0
49753,1
34027,1
27553,0
9735,1
12116,1
28749,0
44396,1
41396,0
49689,0
21039,0
33074,1
13637,0
26260,0
43805,0
1766,1
39638,1
10804,1
31909,1
26509,0
44176,1
5967,0
31133,0
22247,1
6683,1
31278,0
49303,1
37657,0
19930,0
11983,0
26894,1
15583,1
13093,0
659,0
19415,1
31703,1
711,1
39583,1
47292,0
25194,1
19395,1
3813,0
13370,1
11446,0
45183,1
42528,0
8695,1
14201,1
42221,1
2226,0
21333,1
21816,0
47398,0
13054,1
15068,1
49822,0
31837,0
34756,0
38335,1
14748,1
9220,1
36941,0
35836,0
22022,1
21166,0
25580,0
34977,0
42681,0
32944,0
42094,0
34050,0
17874,1
36374,0
33773,1
33299,1
7182,1
1669,1
17473,0
23672,0
4448,0
12868,0
4447,0
29717,0
5561,1
38040,1
3845,0
18321,0
34029,1
19031,0
42522,1
36274,1
864,0
17217,1
30407,0
9486,1
36813,0
2813,1
14474,1
47370,0
10782,1
40215,0
4633,0
33268,1
47985,1
42570,0
2428,0
16110,1
9245,1
31205,1
43881,0
3459,1
47488,0
47597,0
3005,1
39996,1
16092,1
18796,0
458,1
19808,0
13254,1
33295,0
41173,1
663,1
16353,0
46912,0
35351,1
36773,0
36579,1
17961,0
40903,0
27002,0
41005,0
12871,1
6271,1
18672,1
27096,1
1800,0
5650,0
18650,1
6910,1
16197,0
4862,0
17257,1
14976,0
13222,1
15460,0
32810,0
25969,1
42172,1
36108,1
41390,0
28948,1
30478,1
9116,1
19774,0
14666,0
14473,0
35412,1
4499,1
20762,1
31702,1
6029,1
776,0
41862,0
3945,0
39115,0
15577,1
2390,0
4391,0
21494,0
28181,1
30632,0
40316,1
36355,0
13612,0
1476,1
5479,1
48734,0
36594,1
15360,1
36392,1
31951,0
8279,0
27772,0
7271,0
10888,0
31577,0
22788,1
20600,0
40673,0
33170,0
41796,1
16119,0
9157,0
20487,1
33845,0
9244,0
42964,0
30741,1
26785,0
14927,0
20833,1
47191,0
45092,1
42165,0
1735,0
12837,0
43218,0
7683,1
42274,1
44309,1
7146,0
39365,0
15872,0
15353,1
45837,1
17227,0
3151,1
13347,1
39184,1
19240,1
1739,0
24955,1
25720,1
43567,0
44380,0
38679,0
24765,1
27912,0
34249,0
30602,0
44158,1
4282,0
36734,0
28755,0
46771,0
6112,1
46629,1
17748,0
34925,1
15829,0
27088,0
32685,0
46131,0
12600,1
26838,1
13360,1
4706,1
32917,0
36329,0
30807,0
11890,0
35358,0
9865,0
30165,0
37339,1
33656,1
291,1
11547,1
3119,1
12359,0
44327,0
40952,0
38839,0
3750,1
36490,1
6400,0
34003,0
22853,1
9586,0
17324,0
40372,1
30682,0
29536,1
39834,1
47065,0
25373,0
11565,1
2851,1
29238,0
12902,0
4060,1
45604,0
43950,1
2369,1
34449,1
5908,0
28939,0
26257,0
21671,1
26392,0
9822,0
34758,1
15697,1
5016,0
39648,1
16196,1
45005,1
46779,0
23229,0
42041,1
38495,1
4857,0
5564,0
18641,1
29405,1
26892,0
27223,0
23253,1
25120,1
4539,0
17035,1
49420,0
35612,1
40255,1
32560,1
37486,0
46650,0
47641,0
1855,0
1261,1
7237,0
18282,0
42694,0
27347,0
16746,0
46698,1
39987,0
23098,0
3767,0
7451,1
22005,0
8201,1
7329,1
34640,1
2430,0
47034,0
11018,0
38447,1
18025,1
16605,0
22146,0
21490,0
22672,0
29033,1
275,0
46573,0
31879,1
18097,1
45174,0
31187,1
17141,1
42202,0
35175,0
2228,0
28655,1
12100,1
29500,0
5532,0
42048,1
16368,1
6592,0
36974,1
10978,1
9695,0
11423,1
44763,1
11767,1
4980,1
42546,0
34863,0
18756,0
30076,0
20619,1
4414,0
31855,0
4120,1
48710,0
27235,1
40773,0
28319,1
40885,0
25635,1
21862,0
35735,1
34719,1
23276,0
101,0
27337,0
18398,1
15246,0
28495,1
21877,0
15426,0
19547,1
32760,1
24815,1
35617,0
29174,0
33100,1
27692,0
48439,0
49388,1
18407,1
45129,1
28287,1
48995,0
22018,0
5664,0
2826,1
3626,1
11631,0
9973,1
33326,0
1235,1
9383,0
11824,0
4925,0
14325,1
25209,1
25282,0
39159,0
33488,0
10411,0
46729,1
12967,1
10921,1
31237,1
29738,1
49584,1
4535,0
11237,0
27848,1
4097,1
39573,1
19583,0
20162,1
13395,0
1299,1
35647,0
42682,0
5470,0
29741,0
21578,0
1621,0
13278,0
21635,0
7743,1
6179,0
31380,0
6289,0
14850,1
12570,1
46112,1
49947,1
15315,0
40719,1
13778,1
18989,0
39041,0
3478,1
11000,0
25605,0
31683,1
35956,1
2034,0
3631,0
14516,0
11724,0
6152,1
49188,1
40044,0
37166,1
21032,0
18492,1
46798,1
24880,0
35350,0
8172,1
35005,1
37224,0
19670,1
42427,0
13629,0
826,0
45458,0
36810,0
41960,0
16389,0
46118,1
31764,0
46429,0
17941,0
29737,0
41582,0
40080,0
7800,0
30037,1
40715,0
11749,0
16459,1
19486,1
11594,0
4507,1
11329,0
29183,0
27533,0
36138,1
14259,0
5114,1
49439,0
41072,0
44657,0
39094,0
38987,0
27877,0
35115,1
16446,0
25792,0
35841,0
38215,0
23882,0
33933,1
40210,0
26713,1
45138,1
35809,1
17913,1
464,1
34887,0
8298,0
30634,0
1004,1
28748,1
44127,1
46990,1
8350,1
11162,0
27992,0
2151,0
7862,0
48614,1
26289,0
44897,0
42996,0
32232,0
8009,1
23836,1
47771,1
738,1
39969,0
24518,1
12220,0
31165,0
39523,1
21305,0
24458,1
39338,1
26381,1
47860,1
42067,0
35601,1
36435,0
26438,0
48926,0
27741,1
9601,1
13674,1
6435,0
46376,1
43369,1
352,1
26015,1
24566,0
19327,0
38650,0
14707,1
31530,0
37447,1
41456,1
30224,1
38551,1
11005,0
7929,0
46472,1
26451,1
26550,0
48355,1
28375,0
17987,0
12004,1
18782,0
35496,0
18221,0
29338,0
36172,1
24448,1
38610,1
22109,0
49898,1
36972,0
25576,0
9964,1
5056,1
39413,1
14883,1
42105,0
6797,0
41972,1
23929,1
32902,0
33650,1
46913,1
5504,1
36166,0
11997,1
46612,1
14979,1
2135,0
27611,1
38860,0
27383,0
39467,0
22674,1
30542,0
13094,1
4208,1
17094,0
22309,0
27197,1
39110,1
34750,0
14589,0
7044,0
14535,1
10766,1
36954,1
6829,1
46423,1
28738,0
13665,1
24705,0
8488,1
14304,1
48841,0
5567,1
15548,0
43315,0
33934,1
1474,1
13285,0
35619,0
45251,0
45410,0
8968,1
47231,1
32923,1
4217,1
48452,0
21665,1
9942,1
33186,0
18817,1
12117,0
1076,1
15595,0
42322,0
28361,1
17738,1
33297,1
7950,1
43601,1
18049,0
23707,0
4538,1
45344,0
3111,0
34133,0
45503,0
2286,0
11256,1
29367,1
11429,1
44919,0
9152,0
18271,0
9485,0
37148,0
14343,0
13892,1
2717,0
40686,0
2942,0
4895,0
30365,0
29562,1
23669,0
13879,1
2422,0
31305,1
3659,1
4360,0
8338,1
43219,0
124,0
37853,0
9883,1
39133,0
1622,0
26222,1
6301,0
46777,0
18811,1
14990,1
22556,0
8316,1
8402,1
42832,0
13805,0
1397,0
12001,0
44203,0
22861,0
9931,1
37632,0
26693,0
8729,0
39727,1
7629,0
1457,1
42839,1
17208,1
7495,1
39725,1
3254,0
18275,1
19372,1
6130,1
34761,1
5594,0
37627,0
6862,0
31387,0
34418,1
28116,1
17187,1
13456,1
40498,1
49186,1
11830,0
18415,1
15444,0
14415,1
31669,0
19264,1
30668,0
38652,1
7248,1
35569,0
44695,0
46324,0
30140,1
28187,0
29839,0
46551,1
38405,1
19013,1
16560,0
21708,1
27065,0
31470,1
4372,1
34717,1
48353,0
28324,0
35230,0
10693,0
18764,1
24984,1
12927,0
5925,0
25153,0
4766,0
27329,1
30162,0
31076,0
42878,0
24191,0
17346,0
20874,0
43244,1
21401,1
6223,0
12286,0
24869,0
42384,1
15733,1
26646,0
49518,1
41133,0
32166,1
44938,1
44615,1
30035,0
48103,1
5182,0
2689,1
28008,0
3561,1
7230,0
31397,0
22259,1
13907,1
24521,0
30470,1
11408,1
197,0
33356,1
25397,0
1067,0
29121,0
31335,1
937,1
17043,0
16971,1
5544,0
25285,0
48414,0
49142,0
8140,0
12615,1
10689,1
25238,1
42761,1
47914,0
21275,1
42413,0
18502,1
33257,0
44469,0
40720,1
29139,0
8773,0
9850,1
45696,0
12497,0
47933,0
15985,1
20459,1
24397,1
20807,0
22733,1
20458,1
26818,1
21799,0
24763,0
47803,0
45927,1
42197,1
1240,1
49755,1
43001,1
44772,1
3076,0
38970,0
36975,0
41341,0
23046,0
37503,1
17946,1
40548,0
49359,0
23468,1
16973,0
22802,1
25234,1
28919,1
25903,1
45649,1
28712,1
12037,0
22104,0
34462,0
8460,1
49318,0
2539,0
10331,1
16176,1
10040,1
34746,0
7610,1
29936,1
34293,0
37348,0
12930,0
2048,0
17528,1
3663,1
47028,0
29313,1
10520,0
48222,0
16505,1
12090,0
17262,1
11378,1
3511,0
11956,0
20416,0
29528,0
1159,0
22040,0
32974,0
24113,1
48843,1
22472,1
6420,1
1776,0
33497,0
38968,0
44913,0
41217,0
27138,0
24256,0
38714,0
11952,1
20989,1
12218,1
45078,0
31657,0
30805,1
45085,0
22057,1
9218,0
7299,1
34917,1
39780,0
37060,0
13902,1
39505,1
14462,0
46585,0
3144,0
17955,1
29573,0
9288,0
27075,0
40520,1
15160,1
45075,1
18330,1
27071,0
32013,1
33093,0
19534,1
34134,1
7941,1
12723,0
43545,1
5340,0
16894,0
29166,0
28670,1
24756,1
728,1
39744,0
11879,1
1997,1
14871,1
19744,1
5892,0
39707,1
29929,0
10145,1
12015,1
32549,1
13530,0
38534,0
13729,0
11466,1
43607,1
11825,1
6280,0
33736,1
20782,1
28221,1
33310,0
40880,1
8183,1
6171,0
12252,0
20735,1
11740,0
38145,1
43572,0
14818,1
34694,1
6939,1
14588,1
17893,1
4781,1
16674,1
34684,0
38329,1
22075,1
3487,0
23593,0
8770,1
14925,1
35621,0
16936,1
11358,0
21475,1
25938,1
21117,1
33525,0
26344,1
20849,1
19650,0
49058,1
28279,0
14,0
19330,0
10904,0
43064,1
18918,0
10175,1
36799,1
2326,0
28681,0
36616,1
32207,1
26948,1
18763,1
22969,1
13551,1
37204,0
14103,0
44500,1
2903,0
7407,0
43718,0
13342,1
33049,1
47588,1
47493,0
43195,0
33846,1
18536,0
48912,1
41094,1
44031,1
9627,1
36095,0
26254,0
26900,1
39417,1
1199,0
18847,0
40883,0
27833,0
20320,0
4353,0
7322,0
3425,1
3762,0
44819,0
46946,0
22416,0
3373,1
27471,0
3372,1
4321,0
43667,1
46304,0
20592,1
40680,1
17499,0
49800,1
32042,1
37327,0
41211,0
32494,0
3871,0
48202,0
17911,1
24221,0
30727,0
46970,0
45505,0
37269,1
21847,0
40237,1
32037,0
22457,0
44257,0
19177,0
37335,0
21642,1
6195,1
41504,0
47124,0
13282,0
26216,1
821,0
13680,0
46303,1
34568,0
34464,0
47519,1
33922,0
35435,1
36240,0
15880,0
5065,1
45691,0
20721,0
4422,0
42921,1
12477,0
23369,1
10489,1
4144,1
46890,0
43674,1
126,0
18438,0
42217,1
40050,0
6817,0
6553,0
47307,0
6069,0
13240,0
15287,0
44402,1
9302,0
21638,1
2985,0
31259,1
48188,0
20468,0
3964,0
40168,0
8766,0
45768,1
14610,1
11397,0
17570,1
21429,0
17452,0
16848,1
44165,1
20975,0
42897,1
22032,1
31621,1
28378,1
10892,1
14395,1
12293,0
48856,0
40511,1
7057,1
1475,1
24890,0
49638,0
22926,0
23507,1
16496,0
10902,1
39999,1
27299,0
35839,1
30984,1
17727,1
25996,0
30552,1
10144,1
40677,1
26976,1
32243,0
33958,1
15244,0
24666,0
35517,0
36963,0
5502,1
9415,1
33961,0
28988,1
44979,0
49832,1
48004,0
47694,1
39763,1
47474,1
47843,1
7439,0
36502,1
15264,1
29756,0
6197,1
38641,0
45100,1
20892,0
36278,1
20554,1
23178,1
44915,0
32398,0
5527,1
13660,1
16513,0
44056,1
33473,0
5216,1
25324,0
41664,0
14193,0
5593,1
5293,1
47086,0
12195,0
13720,0
33625,0
15162,1
10543,1
49092,0
13425,1
47041,1
5152,1
29954,0
1075,0
20761,1
13188,1
14015,0
9689,1
48869,1
40879,1
37656,0
975,1
33633,1
43649,1
42934,0
38613,1
20060,1
36220,1
805,1
20559,0
4034,1
47505,1
4063,1
45142,1
47524,1
29609,1
13623,1
15932,1
16928,1
1506,0
11914,0
47613,0
18581,0
38962,0
38844,0
31125,1
19974,1
9322,1
38535,0
49748,1
17536,1
28480,1
25917,0
1148,0
41812,0
21968,1
30588,1
44173,0
22621,1
36775,1
36503,1
48121,1
26408,1
22785,1
24144,1
38090,0
44041,0
4477,1
32544,1
29462,0
41670,0
12624,1
26428,1
44329,1
39581,0
46670,0
21480,0
4209,1
27014,0
1711,0
8209,0
4289,0
44974,0
227,0
40530,1
29784,0
43864,0
35055,0
45466,0
28377,1
32344,1
30133,0
33844,0
14687,1
43060,1
36043,0
13865,0
36754,1
42757,0
2169,0
23444,1
18946,1
6236,0
20476,0
25280,1
12649,0
24718,0
46539,0
38013,1
18362,1
1377,0
1775,1
18812,1
9980,0
12470,0
36306,0
8860,1
1149,1
15166,1
46783,1
43083,0
16483,0
24449,0
25248,0
26901,0
19147,0
21537,1
35980,0
9121,0
3041,0
18594,1
37767,0
33056,0
17362,1
36195,0
21206,1
42505,1
34526,1
42703,1
39416,1
22966,0
14329,0
31493,1
36866,1
28893,0
42690,1
68,1
46420,1
30997,0
12903,0
43835,0
3988,1
3650,1
12234,1
24275,1
892,0
39692,1
11722,1
20927,0
18347,0
38846,0
27560,1
25775,1
9998,0
43480,1
34695,0
33816,0
48548,0
36150,1
17113,1
48955,1
23814,0
2632,1
24052,1
48399,0
11465,1
49938,0
42865,1
25131,0
40329,1
14752,0
41815,1
16425,1
1259,1
35216,1
40707,0
19865,1
39578,1
3048,0
10539,1
39465,0
38403,0
49879,1
20738,0
17255,1
29432,0
23878,1
20787,1
27850,1
10890,1
12241,0
14715,1
47053,0
24382,0
38932,1
17480,0
47740,0
40135,0
38859,0
2950,0
12667,0
22856,0
45287,0
17517,1
30283,0
21923,1
540,1
20983,0
36081,0
37470,1
30644,0
34978,0
34101,1
37611,1
9633,1
11592,1
24161,1
6569,1
36145,0
6898,0
3589,0
34487,0
3717,1
29511,0
40975,0
19657,0
47096,1
30512,0
11140,0
6190,0
19802,0
47502,0
623,0
27780,0
22368,0
17040,1
46288,1
26643,1
16859,0
46987,1
34043,1
31264,0
14090,1
44630,0
20553,0
40171,1
23873,0
191,0
40315,1
17721,1
6597,0
12740,0
23994,1
19673,1
9179,0
13669,0
13622,0
3208,0
10898,0
13281,1
1221,1
23515,1
18180,0
4278,1
17865,1
39755,0
3089,0
46673,0
18192,1
37976,0
30804,1
19712,0
1420,1
23576,0
11757,1
20407,0
37493,0
25519,0
23561,0
1713,1
6516,0
16778,1
37516,1
42206,0
32031,1
41418,1
35480,1
6798,0
39777,1
3463,1
36714,0
29276,0
23308,1
29874,0
20469,1
8819,1
40018,0
7882,1
28494,0
49286,1
27416,1
25465,1
6598,0
11003,1
34881,0
22360,1
25050,0
19130,1
35236,0
28004,1
42819,0
25207,0
108,0
42113,0
31163,0
37112,0
9099,1
4322,0
40989,0
48590,1
38722,0
22476,1
26656,0
3798,0
47795,0
12904,1
4638,0
45852,0
22558,0
8070,1
10897,0
43780,0
7428,1
47909,1
12700,1
1170,0
32676,1
21091,0
49687,1
1001,0
43563,1
33095,0
27412,0
31804,1
28543,0
19492,1
42648,1
14198,0
38293,1
45518,1
39596,0
3664,0
31516,0
23191,1
10021,1
33703,1
40242,1
45482,0
8359,1
33325,1
20954,1
7567,0
9167,0
20638,1
31444,0
2371,1
21889,1
8978,0
28853,0
15131,0
12487,0
49560,0
41357,0
24295,1
34713,0
40034,0
17770,1
39475,0
10393,1
32444,0
9393,1
21939,0
47139,0
31731,0
5880,1
48740,1
45208,1
23495,1
312,1
33711,0
44476,0
35213,0
21220,1
2109,0
23691,1
41019,0
2204,0
1595,1
8231,1
8906,0
10162,1
15232,0
27647,1
48268,1
21652,1
19319,1
28561,0
49268,1
6758,0
41049,1
32871,1
14133,0
14941,0
11495,0
1133,0
24987,1
12993,0
43610,0
22327,1
8084,1
40490,1
31428,0
22483,0
1119,1
48291,0
9400,1
2605,1
26461,0
2317,1
20109,1
14836,0
27377,0
5434,0
26982,1
46923,0
23975,1
1378,0
38677,1
43516,1
43823,1
49996,0
17127,0
31479,0
35765,1
5909,0
5495,1
34668,0
38392,1
14313,0
25448,0
9589,0
5574,0
2354,1
1717,0
6443,1
38801,1
22207,1
28318,1
28730,1
16808,1
7413,0
8597,1
21825,1
23532,1
44197,0
40190,1
44963,1
22510,0
23089,1
27159,0
41800,1
2050,0
10860,1
39982,1
335,1
7869,1
31473,1
44813,0
15278,0
31323,1
28970,1
24865,0
22396,0
8380,0
28505,0
29378,1
16772,1
11710,0
26450,1
3909,1
26528,1
35640,1
32465,1
10957,0
11573,1
12602,0
18887,0
43171,0
11810,0
16032,0
29531,0
1612,1
25866,1
46239,1
37477,1
31817,0
17620,1
41140,1
18990,1
28945,0
1335,0
37044,0
13098,1
11498,0
16748,0
21844,0
15615,0
26373,0
46690,0
45507,0
14554,0
10682,0
21489,0
9413,1
45625,0
46194,1
7755,1
23553,0
1480,0
36073,0
40347,0
25965,1
8015,1
15610,1
2744,0
15768,0
44486,0
44450,1
28746,0
19356,0
14151,0
26884,1
4015,1
25061,1
37010,0
33282,1
3918,1
22509,0
43101,0
49258,0
17774,1
22242,0
8875,1
47727,0
12585,1
43594,1
17296,1
35359,1
13079,0
15076,0
46202,1
44902,1
16075,0
17679,0
5067,1
19068,1
47565,1
44409,1
12608,0
47705,0
20486,0
13904,0
7659,1
36709,0
20444,1
7386,1
44794,0
36753,1
35704,1
16361,0
3868,0
1342,0
39671,1
1550,0
22129,1
21897,0
16508,1
5653,1
5955,0
44569,1
37685,1
4409,1
31759,1
49724,1
6809,0
46876,1
1584,1
20860,1
6020,1
19884,1
18604,1
23342,0
40753,1
35692,1
3126,0
37259,1
17050,0
8909,1
261,0
18891,0
27168,1
18784,0
33976,1
15724,1
5641,1
673,0
4915,0
8538,1
28474,0
19919,1
18778,1
29346,1
8614,1
37617,1
21440,1
10435,1
18396,1
38756,1
28431,0
11094,0
31208,1
6529,0
14295,1
20386,1
488,0
7702,0
46692,1
45963,0
22882,0
44360,0
44946,1
1581,1
9949,1
35407,0
421,1
49138,0
19943,0
35127,1
42518,1
38952,0
23717,1
24590,1
22927,0
11244,0
39690,1
35267,1
27446,0
37902,0
29928,1
5357,1
12544,1
4342,1
3321,1
26115,0
20176,0
21913,1
43118,1
16552,0
29317,0
17764,1
36364,0
31072,1
8930,0
18379,0
47742,1
34096,0
44215,1
21186,1
17163,1
43145,0
34904,0
13718,0
23775,0
28784,1
8303,0
33296,0
4613,1
2768,1
18731,0
49628,1
21770,1
45041,1
26678,0
23074,1
26961,0
46619,0
26317,0
25064,0
17599,0
35795,1
43954,1
41749,1
41845,0
13705,1
7658,0
40072,1
15687,1
7599,1
4868,0
11260,0
48873,1
17310,0
17752,0
8825,1
25475,0
29441,0
42111,1
22652,1
10298,0
25569,1
19190,1
49652,1
15766,0
33120,0
9405,0
8849,0
26846,1
2822,1
5793,0
7522,0
15997,1
35568,0
14281,1
38154,0
37027,0
19361,0
28586,0
24390,0
36723,0
46301,1
2172,1
26252,0
4719,0
35244,0
14169,1
18058,0
16355,1
29184,0
18618,0
3232,0
37016,1
1248,1
12180,0
31435,0
30559,1
27309,1
25463,0
43368,0
4399,0
37262,0
47733,0
18649,1
41617,0
20389,0
25056,0
23751,0
34712,0
29563,0
7040,1
11293,1
30992,0
964,1
997,0
17268,0
6254,0
48446,1
27929,0
15968,1
1092,1
41557,0
4365,0
33968,1
27670,1
38898,1
26234,0
42119,1
32145,1
15026,1
26181,1
36925,0
21798,0
18016,0
43246,1
5941,1
9453,0
24670,1
17671,1
21427,1
16274,1
37497,0
33046,0
161,1
40453,0
20039,1
30361,1
44,0
31901,0
15452,1
38404,1
29114,1
16907,1
45351,1
20814,1
645,0
34913,1
49914,0
29646,0
5249,0
42346,1
3343,0
46254,1
18259,1
46277,1
43058,1
26477,1
41045,1
1755,1
41648,0
13603,0
15705,0
5415,0
210,1
44382,1
25885,0
6787,1
22965,0
27860,1
43830,1
639,1
14459,1
31514,0
19143,0
40335,1
6338,1
36927,1
2095,1
23417,1
2830,1
34022,1
49650,0
8050,1
47304,1
49088,1
26893,0
22580,1
44484,1
47290,1
23164,1
5686,0
42605,1
18823,0
20604,1
283,1
18960,1
11464,1
10979,1
23034,0
15744,1
43072,0
4597,1
22272,1
6975,1
48011,0
17453,1
40217,0
49013,0
14775,0
33642,0
15089,0
4882,1
11928,1
42627,0
21840,1
35036,1
21284,1
1566,1
20519,1
13714,1
12217,1
40581,0
11726,1
20810,1
37045,1
25801,1
33459,1
44454,0
3021,1
34376,1
11591,0
49522,0
2730,0
20401,0
27635,1
35777,0
34357,1
47555,1
36387,1
22520,1
37317,1
9224,1
17160,1
28058,0
37880,0
27012,1
8281,0
39396,1
33153,0
36770,0
35349,0
6262,1
12384,0
13338,1
44424,0
38647,1
46587,1
745,0
4191,1
35194,1
2828,0
49424,1
39007,0
14728,1
43955,1
24881,1
43850,0
49437,0
17435,0
39720,1
17869,1
8197,0
5005,0
48870,0
44881,0
35147,1
41213,1
49644,1
30358,0
46637,1
43230,1
33420,0
8847,1
20086,1
9165,0
5041,0
46696,1
45206,0
4691,1
18909,1
1479,0
1450,1
29291,1
26197,0
23436,0
32794,1
27176,1
10289,1
33324,0
17809,0
10643,0
30724,0
9027,1
38445,1
20603,0
23414,0
1740,1
6380,0
42713,0
10531,1
46790,1
9868,0
1591,1
10176,1
46796,1
22911,1
6587,1
39932,0
47549,1
35747,1
30466,0
16617,0
16622,0
11181,0
39031,0
6052,0
30340,1
12774,1
27081,1
4011,0
19191,1
6524,1
23184,0
11452,0
24678,1
5716,1
22421,0
15959,1
10350,0
33034,1
25112,1
42341,1
34649,1
31674,0
12938,0
32100,0
32645,0
22014,1
36852,1
24104,1
48284,0
34659,0
9342,0
32825,1
24245,1
3116,0
16740,1
13739,1
28802,1
19105,0
10067,1
19604,0
25633,0
25989,0
33611,0
8666,1
8697,1
47553,1
49480,1
47140,0
47009,0
46100,1
3858,1
7713,0
4798,0
41176,0
43385,0
46538,1
42002,0
9189,1
1636,1
7395,1
42223,1
25005,1
2215,1
194,1
45237,1
13769,0
48185,1
32423,0
20276,0
8993,1
12676,0
19639,0
34714,1
30613,0
39433,1
12387,1
12567,0
18105,1
17668,0
34020,0
23292,0
36583,0
21273,0
33670,1
35337,0
15449,1
16132,0
49214,1
4073,0
32602,0
38108,1
23767,1
44870,1
15694,1
8764,1
17307,0
49120,1
48378,1
1858,1
44003,1
31304,1
40407,0
32373,0
30214,0
41651,1
33535,0
46480,1
34326,1
11872,1
2398,0
2277,1
3523,0
40476,1
37968,0
39592,1
9573,0
13817,0
41957,0
3989,0
29387,1
13379,1
46749,1
32795,0
39302,0
11644,0
10017,0
26716,0
35701,0
5401,1
37528,0
17957,0
35950,0
28353,1
7781,0
16662,0
23063,1
683,0
24534,1
658,0
28035,1
26591,0
18274,0
33777,0
13004,1
23000,0
2787,1
6497,1
46825,0
23619,0
41169,0
27218,1
7084,1
44527,1
28430,1
6828,1
3448,0
36655,1
26054,0
40211,0
15605,0
2776,1
28965,1
38354,0
49540,1
9055,0
34500,0
1771,0
27215,0
16381,1
25125,0
21568,1
31211,1
47844,1
19560,1
11144,1
42624,0
4239,0
27069,0
21705,1
33419,1
13036,1
4354,0
1224,1
38288,0
39084,1
31999,1
23281,1
12805,1
28481,0
18489,1
9434,0
49924,1
45658,0
18951,1
34196,0
17098,0
20357,1
4387,0
24110,1
44048,0
7474,0
27233,1
7679,0
19558,1
33012,0
14851,1
46458,1
41703,1
21453,1
20616,0
34957,0
35014,1
15391,0
32808,0
9962,0
42123,0
20103,0
37917,0
23439,1
3243,1
49587,1
38459,0
45638,1
12502,0
10774,0
24048,0
48292,0
9382,0
11355,1
30527,0
33541,1
36134,0
34647,1
41741,0
47429,0
28047,1
23122,0
28284,1
18842,1
1806,0
1978,0
29730,1
10685,1
32120,0
18470,0
8545,1
47324,1
4032,0
35550,1
8419,1
19140,0
19284,1
8449,0
13965,0
19780,1
37901,0
18331,1
43309,0
21448,1
44780,0
19532,0
22267,0
49726,1
25341,0
6930,0
29418,0
2321,1
14512,1
23804,1
13124,1
37780,1
47512,1
32026,1
30732,0
8146,1
37948,0
32121,0
2536,0
7361,0
48372,1
21023,1
32649,1
24218,0
26679,1
26300,0
31983,1
244,1
24413,1
9647,0
3347,0
36200,0
29141,1
5640,1
23903,0
36324,1
2392,0
21104,0
23718,0
41110,0
4788,0
33590,0
23927,0
7838,0
15480,0
48254,1
11359,1
22582,0
14782,1
27173,0
11742,1
8868,1
46653,0
7107,1
6642,0
24106,0
33573,1
13638,1
11400,1
769,0
9993,1
47989,1
4921,1
22427,0
40782,1
25098,0
32377,1
49593,1
36957,0
32387,0
6876,1
34077,0
40258,0
20228,0
49551,1
29859,1
49376,1
12891,1
49029,0
45675,1
20564,0
28197,0
8131,0
32920,1
34143,1
24165,1
31263,0
29322,0
26977,1
1253,0
30797,1
8058,1
10899,0
38347,1
46682,1
675,1
28049,1
44204,0
7949,0
7079,0
2134,0
44660,0
17638,1
42386,1
5494,1
2770,0
12247,1
49049,0
15534,1
33154,1
7128,1
17732,1
1131,0
48733,0
11910,1
5456,1
11957,1
34272,0
4731,0
27306,1
42129,1
38304,0
40068,1
33865,0
14614,1
12771,0
41551,1
46371,1
28717,0
32986,0
9076,1
14865,0
42400,1
26524,1
44103,0
20661,1
7859,1
8982,1
44667,0
17409,1
32153,0
17028,1
11807,0
21205,1
20016,0
42654,1
32181,0
12127,1
29749,1
28936,0
18447,1
19403,0
14723,1
1180,0
47729,0
15953,1
34702,1
30687,0
24661,1
26135,0
2962,1
7384,1
27150,1
49066,0
23819,0
5764,1
18616,1
37271,1
46901,1
22361,1
43282,0
8214,1
17815,0
15637,1
9072,1
37392,1
40117,0
40507,0
33699,0
38797,0
17321,1
1490,0
30114,0
26355,0
5022,1
31559,1
18297,1
33820,1
18636,0
17007,0
40023,1
20411,0
23076,0
36188,0
17531,1
13168,0
45295,0
40070,1
18120,0
44868,1
46835,0
13142,0
49179,1
22352,0
44066,1
21811,0
6742,1
45418,0
9575,0
17327,0
30011,1
2348,1
43131,1
24642,1
45823,1
19442,1
29828,1
2137,0
46627,0
30298,0
25643,1
35998,0
478,1
16343,0
15871,0
24470,0
23115,1
7475,1
18730,0
43338,0
45203,0
14720,0
38691,1
25043,1
41064,0
20438,0
26330,0
42267,1
9752,0
10347,0
21576,1
47314,0
11222,1
48152,0
9420,0
19575,0
18863,1
7842,0
23864,0
24680,1
18421,1
34964,0
31725,0
43075,1
18675,1
26974,0
18635,1
11203,1
43176,0
2846,0
30649,1
5655,0
39174,0
2267,0
18531,0
11586,1
8391,1
49434,1
3290,0
1038,1
33009,1
25459,1
26014,0
34520,0
35751,0
10340,1
10188,1
32600,0
1427,1
4598,1
21631,0
7700,0
5623,1
12772,1
22268,1
38798,1
43557,0
13097,0
22058,1
30655,0
36968,0
11786,0
17442,1
39805,1
10012,1
14507,1
40587,1
22389,1
16652,0
43489,1
7375,1
7463,1
3177,1
47509,1
10529,0
13483,0
38854,1
49098,1
34629,0
31863,1
23572,0
18125,1
9959,0
11138,1
47600,1
7901,1
48095,0
9743,1
45680,0
49178,0
10642,0
24257,1
1574,1
12231,1
10440,1
47550,1
25311,1
44770,1
39295,1
36797,1
18115,0
30744,0
47770,0
39095,0
21148,0
47067,1
9760,0
36020,0
3662,1
12847,1
5739,0
16862,0
40253,1
34356,1
24716,1
6663,1
27605,0
21563,0
29488,0
41998,1
21918,1
28735,1
33803,1
39226,1
23590,0
36187,0
19570,1
18929,1
13764,0
4384,1
15795,1
49617,1
17503,0
3906,0
41008,0
38759,0
12358,0
46439,1
24533,0
20471,0
32345,1
36558,1
48388,1
42611,0
42776,0
3666,1
25961,1
4074,1
40180,1
12084,0
20888,1
25991,0
48500,0
10192,0
18197,0
19290,0
49,1
20119,0
23406,0
43602,1
9006,0
24098,0
38823,0
23887,0
20498,0
3820,1
20580,0
44586,0
29849,1
9054,0
16182,0
19036,0
11350,0
35430,0
13516,0
42544,0
38231,0
4761,0
23522,0
25136,1
36843,1
22497,1
19702,0
49350,1
12575,1
22387,1
10100,1
49490,0
20776,0
7699,1
41849,1
18443,1
24395,0
3344,1
13315,1
26703,0
12444,0
35583,1
41443,1
25800,0
47487,1
13662,0
35969,1
12224,1
26727,1
5702,0
25225,0
31974,1
36511,1
16556,1
23129,1
775,0
23137,0
12468,0
33776,0
29864,1
38019,1
36878,1
12049,1
38787,0
4550,1
42997,0
46361,0
25498,0
25799,1
40069,0
20593,1
40651,0
41432,1
28657,0
46205,1
36541,1
5789,1
47131,0
19677,0
46615,0
32052,1
34598,0
15395,0
16238,1
22105,0
19099,0
271,0
47664,0
10154,1
44492,1
2616,1
2047,1
40604,1
14793,1
40875,0
36173,1
38865,0
2933,0
42116,0
43182,1
19627,0
21082,1
30522,0
48010,0
13823,0
4973,1
47638,0
38841,1
5280,0
3288,0
6450,1
42460,1
49238,0
10742,1
32435,1
31601,0
30888,0
16045,1
19936,1
2030,0
34701,1
38649,0
28832,1
39392,0
39714,0
31086,1
45002,0
3117,1
23457,0
12936,1
22552,0
5652,0
5656,0
45130,1
6745,1
13353,0
9162,0
42989,0
1646,1
9683,1
14955,1
22692,1
9391,0
15624,0
13737,1
19028,0
45910,1
14675,1
30445,0
33036,0
37633,1
15048,0
43251,0
45538,0
15317,1
49974,0
29279,0
49590,1
8960,0
24884,1
25102,1
18915,1
26719,0
38248,0
48327,0
17575,1
5669,1
30338,0
3723,0
26246,1
4546,0
13523,0
5526,1
16511,0
39485,1
9020,0
29419,0
6248,1
28036,1
37831,0
29776,0
25066,0
42731,1
46204,1
1880,1
33966,0
30814,0
10079,1
41527,0
18383,0
6830,0
45461,0
30300,1
27322,1
28767,0
22445,0
38751,0
24697,0
125,1
30756,1
40833,0
32790,0
14997,0
18828,1
44216,1
1056,0
41977,0
14904,1
42829,0
27536,1
40993,0
30125,1
39656,1
42139,1
9466,0
31130,0
42549,0
41595,1
21163,1
21625,1
13419,1
37942,0
23733,1
39375,0
851,0
32407,0
28296,0
20607,0
33953,1
25206,0
24066,1
8242,1
17400,1
28855,1
29504,1
23844,0
26556,1
19393,0
49803,0
38198,0
35318,1
46358,1
25451,1
7256,1
22865,1
34865,1
13087,0
7261,0
9444,0
33484,1
30754,0
23686,0
5307,1
48187,1
6563,1
23200,1
38365,0
2349,0
38115,1
9597,1
14023,1
26998,0
20830,1
23545,0
26170,0
31295,0
45401,1
34521,0
32227,0
45892,0
14922,0
22078,0
28702,1
27297,1
1338,1
6555,0
22211,0
10011,0
44425,1
9380,1
2176,1
3124,0
48133,1
24284,0
18457,0
44867,0
536,1
34444,1
26071,1
16491,0
8731,0
37921,0
41244,0
46107,0
33117,1
5767,0
14822,0
40796,1
49570,0
32350,0
35622,0
10848,1
41121,0
37762,0
10348,1
20324,0
37013,1
49201,1
33534,1
36785,0
44034,1
37073,0
23646,0
30989,1
9159,0
12099,1
903,0
12734,0
10862,0
46532,1
43181,0
6234,0
17165,0
42411,1
11552,0
49036,0
26883,1
11264,1
13529,1
47267,1
10736,0
38821,1
13040,1
34878,0
34906,1
6896,0
6585,0
31077,1
12249,1
11888,1
14376,0
35905,0
37567,1
5685,0
19897,0
31735,1
7933,0
21655,1
43770,1
20043,1
34678,0
10832,1
36103,1
44059,1
1865,0
39594,1
22906,1
5733,0
47179,1
40568,0
2187,1
39843,1
3621,1
25826,0
36743,0
49543,0
20904,1
22947,0
9879,1
13262,0
10706,1
44571,0
26212,1
14975,0
9487,1
26375,0
21814,1
16103,1
16154,1
43205,1
8106,0
34810,0
19531,1
19379,1
9791,0
24519,0
9935,0
40292,0
49528,0
39229,0
46173,0
12491,0
17560,1
49170,1
15711,1
7560,1
21584,0
10942,1
19499,0
12398,1
37265,1
1314,0
19864,1
1680,0
36351,1
967,0
29060,1
38769,0
36994,0
6815,1
37088,1
38027,1
33584,1
22232,0
25585,1
15255,0
30618,1
32292,1
9893,0
8056,1
44124,1
24640,1
13733,1
6806,1
26927,1
201,0
41772,1
6306,0
11261,0
2067,0
1624,1
4804,0
15500,1
36576,1
38947,0
16592,1
12626,1
49877,1
18585,1
22633,0
36307,0
2455,0
2078,1
47603,0
3325,0
35673,0
33267,0
35489,1
42824,0
26690,1
13812,0
14911,1
29878,1
13249,1
15832,0
24348,0
26636,1
1284,1
28699,1
30156,0
24321,1
5356,1
6918,0
35074,0
37631,1
38609,1
41251,0
38230,0
41722,1
19819,1
46811,1
35308,0
5421,0
33388,0
39009,1
4145,0
6353,0
23465,0
16494,1
44087,1
26757,1
40022,1
47685,1
41416,1
41254,1
22459,0
46032,0
17173,1
41884,0
22543,1
11379,0
16881,1
28520,1
45734,1
5358,1
12523,1
14492,1
17235,1
44393,0
5676,0
2595,1
3653,0
38578,1
32245,0
12806,1
20500,1
13898,0
38205,1
27279,0
7347,0
35893,1
36524,1
18191,1
18634,0
38595,0
38687,1
19201,0
6756,0
30488,0
44705,1
29837,1
48665,0
2753,1
24427,1
16171,0
37708,1
34596,1
26662,1
48898,1
33171,1
16328,0
39960,1
49352,0
41022,0
38908,0
22918,1
36291,1
15655,1
9034,1
46966,1
20368,0
48531,0
45495,0
43737,0
37046,1
9929,0
29028,1
49857,1
46523,1
10906,0
41200,0
7141,0
27198,1
28932,0
24653,0
7181,1
32930,0
16562,0
8408,1
49300,1
49939,0
11577,0
20651,0
329,1
18844,1
23598,1
45712,0
47968,1
41038,0
17784,1
16947,0
21154,1
44619,0
40098,1
27124,0
17585,1
23055,1
23772,1
22797,0
47456,1
27178,0
31168,0
2718,0
45389,1
32767,0
1603,0
36658,1
3292,0
2319,0
46850,1
31818,1
9775,1
40948,0
7028,0
27572,0
36999,0
39781,0
20885,1
13978,0
48009,1
16147,0
4299,0
6304,0
25292,1
36254,0
39251,1
39489,1
23635,0
49790,1
5794,0
31271,0
45790,1
19283,1
9975,0
45330,0
22606,0
21047,0
16817,1
27529,1
49182,1
16742,0
7759,0
25915,1
25759,0
9066,1
17687,1
31417,1
34033,1
3428,1
2984,0
46609,0
9796,0
4747,1
34392,0
14988,1
22400,1
11166,1
43815,0
16167,1
15163,1
41668,0
35924,0
38456,0
14181,0
1877,0
24214,0
5035,1
12963,1
30905,0
15231,0
49468,1
41162,1
7774,0
38752,0
28808,1
43687,1
30392,0
47011,0
44812,1
14362,0
11851,1
49264,1
18435,1
44225,1
28984,0
23947,0
48086,0
29327,1
35962,0
43105,0
4664,1
17359,1
21423,1
37187,1
49641,1
21062,0
46686,0
33195,1
1117,1
6888,0
44708,0
8831,1
37751,0
39218,1
6891,0
10530,1
29699,1
43664,0
2211,0
26940,1
38211,0
3431,0
34929,1
36151,1
29484,1
31575,1
41135,1
1337,0
2549,1
3924,1
9101,0
5730,1
15383,1
11696,1
14761,1
29896,0
16125,1
15454,0
7024,1
45024,1
15365,1
44462,0
42151,0
469,1
38779,0
15559,1
45388,1
37533,0
43143,0
41023,0
8427,1
24445,1
19015,1
33498,1
14265,0
45118,0
31151,1
46736,1
34329,1
165,1
47023,1
31299,1
26712,1
47916,0
7624,0
13964,1
198,0
47344,0
13057,1
12148,1
22843,1
34437,0
7506,0
7662,0
21088,0
5486,1
8869,0
47449,0
30857,0
5849,1
1527,0
44383,0
37713,1
45800,1
591,0
8891,1
28222,1
45054,0
48875,0
43728,1
43909,0
43406,0
5105,0
45601,0
10523,1
46893,1
31682,0
21416,1
34974,0
28666,0
23489,1
36833,1
14171,1
32615,0
41314,1
21822,1
4183,1
10889,0
26194,1
10876,1
33521,1
23367,0
28567,1
30193,0
17259,0
14375,0
48978,1
43596,0
20923,0
19787,0
11632,0
23320,1
689,1
4568,1
12516,0
17276,1
24478,0
40196,0
5962,0
17234,1
27336,1
32936,1
28277,1
16383,0
18108,0
19966,1
37997,1
15227,1
4611,1
11142,0
40169,1
31116,1
3544,0
9252,0
17358,1
23313,0
31419,0
18575,1
23168,0
12277,1
26096,0
19097,0
24719,0
2752,0
26199,0
7775,0
24926,1
38519,1
18884,1
18254,1
28631,1
17286,0
20674,1
32627,1
20515,1
14706,1
14899,0
37606,1
26564,0
9177,0
14453,0
4487,0
25232,1
17466,1
8148,1
2664,0
20116,1
19269,0
28559,0
29732,0
6505,0
8315,0
15242,0
9799,0
14291,1
36170,1
6868,0
15393,0
5809,1
21861,1
36382,1
16258,1
9578,0
18959,1
10585,1
10524,0
48804,0
42292,0
512,0
5747,1
44178,1
40617,0
7899,1
33863,1
32668,0
31427,0
42699,1
43701,1
13290,1
25045,1
28528,1
16478,1
2872,0
17106,0
48063,1
493,1
23950,0
7018,1
18189,0
27669,1
12713,1
11999,1
27413,0
15098,1
5774,0
5969,0
13730,0
31677,1
6094,1
28836,0
18500,1
45400,0
46086,1
3477,0
34151,1
45491,0
45719,0
28866,0
26402,1
43998,0
8112,0
11076,0
21008,1
10249,0
1050,1
41584,0
71,0
4419,1
40454,0
34401,1
2524,1
7295,0
9199,0
43430,1
1322,1
14127,1
31797,0
47270,0
14694,0
1356,1
8698,1
11425,1
27786,1
47861,1
25449,1
34807,1
21174,1
48013,1
26259,0
38271,1
37504,0
8888,0
12889,0
14892,1
2194,1
14663,0
24501,1
35321,0
39281,0
33689,0
9860,1
9463,1
42286,0
41729,0
38531,1
8929,0
21094,0
10324,0
2842,1
39336,1
5810,1
48490,1
48709,1
47890,0
24883,1
33789,1
29061,1
49079,0
1907,1
29055,0
37703,0
15555,1
10401,0
40351,0
16211,0
47610,1
28202,0
12801,0
33564,1
15044,1
742,1
5758,0
25719,1
17701,0
6096,1
22752,0
37985,1
46766,0
20577,1
45269,0
46646,1
19431,0
18900,1
2666,0
29792,0
3371,0
7243,1
8097,0
17965,1
32436,1
22771,1
8739,1
42343,1
26864,1
16127,1
46209,0
2909,1
3221,0
3205,1
20590,0
36431,0
4199,1
24259,0
26136,0
1321,1
39655,0
13885,0
48250,1
30550,0
38644,1
497,0
34277,0
44742,1
17026,0
49415,0
8687,0
7888,1
30558,1
48015,0
27045,1
1656,0
17686,1
15147,0
49140,1
3399,1
30940,0
41470,1
19684,0
7,1
40178,1
650,1
4596,0
48471,0
27320,0
45739,0
35406,1
16863,1
24769,1
14233,0
40124,1
26956,1
40825,0
29186,0
12919,1
29905,0
18783,0
7226,1
27980,1
35986,1
49977,1
19743,0
30800,0
43629,1
21336,0
26201,0
17289,0
12352,1
1585,1
35614,1
41570,1
9859,1
41147,1
23899,0
33358,0
12134,1
27909,1
2208,0
26522,1
9792,0
47367,1
17143,0
9155,0
36713,0
34337,0
28022,0
39192,1
10551,1
9021,0
26144,1
43366,0
21167,1
16134,0
28051,0
40227,1
19477,1
21466,0
1961,0
8856,1
2393,1
25620,1
11978,0
47326,1
4329,0
39097,0
5625,1
10370,1
26269,1
1892,0
22277,1
11506,0
14654,1
44701,1
3903,0
49162,0
26560,1
46495,1
8152,1
39199,1
31937,0
22492,0
2943,0
43972,0
48248,0
41309,0
27454,0
48905,1
9618,0
30260,1
23605,0
20212,1
15041,1
21407,0
10230,0
29515,1
39857,1
38833,0
29210,0
42749,1
24714,1
8176,0
46444,1
7883,0
2888,0
34366,0
15356,0
26674,0
47780,0
24940,1
33962,1
7727,0
1882,0
46671,0
15225,0
40669,0
20333,1
30418,0
8200,0
28223,1
24330,1
19144,0
27385,0
26999,1
1388,0
2491,1
15602,1
14559,0
41918,1
27573,0
1549,1
14418,0
41895,0
31094,1
38324,1
25008,0
13672,0
46165,0
49319,1
16726,1
46177,0
39253,1
27246,0
15847,1
4745,1
45977,1
46009,0
46633,0
18236,0
38800,1
36478,1
2733,1
34051,1
516,1
13368,1
10135,0
33340,0
37472,0
7948,0
11036,1
386,1
43051,0
18110,1
43561,0
8963,1
48776,1
16749,1
9090,1
49221,0
33082,1
32942,1
31280,0
46810,0
32461,1
42358,1
26714,0
10089,0
23884,1
47806,1
45617,0
35200,1
16249,1
20804,1
45618,0
44504,1
5609,0
11029,1
6608,0
18663,1
37575,0
33668,0
27823,1
2372,0
47391,0
15789,0
49993,0
11539,1
39073,1
30861,1
22482,0
7417,1
3433,0
5099,0
5914,1
38300,1
19279,0
20135,0
8404,1
28744,0
36908,0
42560,1
33824,0
4556,1
1444,1
21124,0
14560,0
47425,0
10866,1
24464,1
47602,1
38479,1
10234,1
32083,1
22294,0
18337,1
33251,0
8020,1
37374,1
46582,1
18071,1
13302,1
36015,0
5257,1
46506,0
37980,1
6464,0
32152,1
12063,0
3522,1
46488,0
14676,0
44018,1
36367,0
35369,1
47980,1
21650,1
38573,1
18681,0
45453,0
12280,1
23390,0
25741,0
11383,1
11581,1
12184,0
9276,0
38426,0
19054,1
5816,0
16852,0
41141,0
2735,0
2269,1
11500,0
27343,0
41481,1
40510,1
28456,1
11047,0
48844,1
21319,0
20914,0
14200,1
1065,1
15936,0
7877,1
36625,0
40509,0
27680,1
35428,0
15796,1
31633,0
2006,0
115,0
29208,0
37068,0
17067,1
17292,0
43893,0
40854,0
43709,1
18008,0
17281,0
23208,1
49770,1
760,1
7397,1
3814,1
40642,0
48565,1
37208,1
40764,0
41333,1
13274,0
4708,1
18859,0
23789,0
17814,1
25365,0
42516,1
47416,0
23636,0
26442,0
2300,0
24482,0
42538,0
7609,0
31590,1
20523,1
49680,1
3775,0
8375,1
40406,0
37645,1
41681,1
22746,1
14067,0
19886,0
9321,0
1834,0
17723,0
39393,0
41968,0
39795,0
12763,1
18354,1
17768,0
33987,0
11750,1
49032,0
38428,0
16276,1
26675,0
36884,1
41636,0
2256,1
18346,0
28718,1
47161,0
29080,0
38237,1
571,1
24006,1
20299,0
15358,0
21045,0
2077,0
47830,1
22808,0
13808,0
19641,0
34800,0
20576,0
44362,1
26101,0
27984,0
4417,1
30774,0
4386,1
6511,1
31827,0
11412,0
20092,1
1559,0
37170,1
10147,0
21998,1
13322,0
38767,0
33519,1
27063,0
42054,0
47793,0
29104,1
40458,1
12528,1
38873,0
9395,1
44694,0
48587,0
34420,1
36289,1
39561,1
35801,1
40649,1
42509,0
37179,1
22461,1
36701,0
45096,1
218,1
17699,1
6639,0
29431,0
42608,1
20215,1
10690,1
34624,1
26558,0
40483,0
17552,0
13579,1
25963,0
17608,0
172,1
17804,1
19574,1
49937,0
22167,1
44350,0
23923,1
33351,0
29667,0
43966,1
49362,0
812,1
30056,1
18208,1
41624,1
45796,0
41079,0
12950,1
32280,1
39191,0
28829,1
47882,1
36582,1
25651,1
45969,0
14965,0
701,0
11809,0
9010,1
27119,1
43022,1
30247,0
4751,1
13184,0
27863,0
19755,1
5537,1
16853,0
5380,0
33147,0
808,1
41285,0
33897,0
22172,0
7452,0
5928,1
10969,1
16796,0
1881,0
12020,0
11861,0
47352,0
4116,1
29763,1
22946,1
34255,0
24174,1
49923,0
46971,0
16832,1
41289,1
3512,0
39664,0
15631,1
2997,0
22758,0
26682,0
48910,1
35639,1
14062,0
4724,0
36061,1
28846,1
7311,0
11704,0
48648,0
29923,1
43472,1
42711,1
8324,1
31267,0
36637,1
36185,0
32194,0
16898,0
14533,1
19541,1
3486,1
38896,1
48851,1
15435,0
37396,1
33631,1
27301,1
15851,1
9314,1
21176,0
35262,0
35616,0
9697,0
21376,0
26121,0
22052,0
17353,1
22050,0
11230,1
41984,1
36919,1
20932,1
20570,1
18549,0
371,1
31492,0
5906,0
23827,1
8927,1
28341,0
26119,1
1908,0
8448,1
5743,0
11964,1
10944,0
43774,1
15217,1
46212,1
31075,1
28916,1
13390,0
44865,0
27291,0
11371,0
24168,1
41564,1
15117,1
10070,1
47148,1
22760,1
49509,0
40588,0
5207,1
45665,0
9375,0
43984,1
8453,1
27587,1
21006,0
29568,0
48357,1
27323,1
9270,1
38944,0
33440,0
23833,1
485,0
48878,0
14040,0
40540,1
10303,1
6097,1
31977,0
243,1
34146,1
7476,1
14423,0
26638,0
40682,0
17557,0
24264,0
45460,1
15139,0
7327,1
7126,0
12011,1
45630,0
18001,1
4323,0
16851,0
22756,1
47775,1
30327,0
32996,0
49514,0
25173,1
18184,0
27844,0
2951,0
25680,0
42291,0
30737,0
23891,1
46980,1
47216,1
21242,1
22866,0
46404,1
33755,1
5121,1
14320,0
19505,0
47357,1
41304,1
28697,0
11662,0
30767,1
25939,1
39390,1
33001,0
11192,0
1359,0
6712,1
15746,0
28280,0
7661,1
16669,1
17142,1
8113,1
34209,1
41533,0
18291,1
3910,1
49740,0
30388,1
46383,1
44131,1
7454,0
1296,0
26950,0
17432,1
45059,0
11063,0
40139,1
40288,1
7846,1
9672,1
36660,0
8270,1
6454,0
35698,1
4408,0
1553,1
37414,0
38187,1
24229,1
47019,0
26468,1
12539,0
13466,1
47401,1
40011,0
49042,1
49656,1
23791,0
39277,0
39620,0
47319,0
41128,1
34954,1
12045,0
43927,0
40769,1
18712,0
4055,1
13851,0
37723,0
18813,1
32703,0
24038,1
40750,0
35817,1
14328,1
34481,1
48008,0
1499,0
41467,1
24757,1
26452,1
20280,1
10296,0
16104,0
46066,1
39670,0
36363,1
1333,1
5428,1
27338,0
8645,0
36976,0
47428,0
32834,0
8426,1
15412,1
28046,1
1184,0
8400,1
9482,1
28535,1
43435,1
38773,1
34635,1
30104,0
24835,0
9877,0
15801,0
23805,1
46147,0
19002,0
18939,0
18394,1
29575,0
14814,1
43341,0
7385,1
5373,1
28488,1
35035,1
22197,0
24408,1
31447,1
7215,0
10211,1
10029,0
3152,1
8727,1
44311,1
19719,0
31950,0
18495,1
12776,0
46447,1
31366,0
42230,0
154,1
24026,1
38233,1
45864,1
14682,1
35301,0
15721,1
29719,0
25859,1
27966,1
47196,1
46491,0
24830,0
16667,0
12385,0
30320,0
48309,0
35393,0
39565,1
4936,1
2728,0
41925,1
10173,0
49453,1
14096,1
8650,0
45055,0
49466,0
47957,1
19125,0
11105,1
6346,1
49174,1
49802,1
17562,1
33825,0
48428,1
33259,1
29642,1
35304,0
37967,1
30856,1
6938,1
9005,0
45968,1
22077,0
11636,1
44258,0
27993,1
7783,0
12434,1
944,0
28113,0
25617,0
2672,0
27722,0
37248,0
35592,1
31496,1
20935,0
16703,0
3611,1
23450,0
6325,1
45199,1
5275,1
18711,0
6361,1
46691,1
31651,1
37034,0
2325,1
11315,0
27886,0
25015,0
11965,1
21326,1
17014,1
22478,0
47839,1
43680,1
45047,0
27784,0
39477,0
45803,1
36082,1
38894,0
15541,0
29421,0
46626,1
33236,0
31561,1
39409,1
47800,1
11984,1
31126,1
17593,1
2913,0
21593,1
6439,1
15260,0
36733,1
46359,0
42091,0
14634,0
38289,0
42933,1
48777,1
23894,0
34797,0
31509,1
18882,0
38776,1
22175,0
40191,1
27588,1
33255,1
49278,1
7469,0
4431,0
33479,0
20725,1
2310,1
21189,1
40106,1
38358,0
4095,0
23604,1
25540,0
268,0
37395,0
32658,1
27977,0
35385,0
20526,1
6509,0
12548,0
45420,0
10131,1
20207,1
37456,1
10032,1
49611,0
6384,0
10095,0
30755,0
35410,1
21421,1
38906,0
41956,1
19409,0
26919,1
17478,1
23361,0
16547,1
1409,1
10266,0
26723,0
46316,1
420,1
27312,0
19204,1
9620,1
13372,0
42760,1
22517,0
18755,1
33593,0
20076,0
44538,1
374,1
31482,0
33836,0
49707,1
22614,1
15423,1
16128,0
4293,0
26478,0
26100,1
20925,0
42107,0
40305,0
26357,1
33787,0
23683,0
1269,1
989,1
3454,1
33464,1
37228,0
33691,0
26390,0
6348,1
38582,1
14556,1
13684,1
49393,0
2197,1
6854,1
6655,0
19299,0
43906,0
32713,1
3897,1
37918,1
44680,0
7281,1
39580,0
6855,0
21119,1
10382,1
21232,1
34243,1
9266,1
19603,1
19672,0
38286,0
17373,0
4494,0
29679,1
8340,1
38656,1
22337,1
16329,1
19288,0
42992,1
23177,1
22403,1
4802,0
14365,1
24381,1
16433,0
13005,0
30477,1
14530,0
18904,1
6088,0
42632,0
20259,1
24248,0
35102,0
4999,1
14367,0
24312,1
45264,1
23795,1
2162,1
14130,1
47571,1
40694,1
40641,1
49882,1
17224,1
27969,0
31801,1
11441,0
15091,1
28764,0
46237,0
36763,0
42504,0
21645,0
32448,0
46509,0
33217,1
42471,1
1081,0
48128,0
8211,0
21962,0
45261,0
16842,0
9494,1
3042,1
7945,1
22469,1
28087,1
16998,0
11923,0
39074,1
28690,1
10099,0
33817,1
4835,0
40918,0
13722,0
35397,1
26705,0
45487,1
1768,0
42441,1
18632,1
48758,1
15812,1
40317,1
36599,0
43044,1
42210,1
3375,1
20479,0
48387,1
24263,1
7517,1
18936,1
19880,1
4994,0
3266,0
30059,0
28121,1
36657,0
20596,1
38530,0
8670,0
47112,0
2820,1
17179,0
34991,0
7455,0
24658,0
1750,0
35903,0
37457,0
18057,0
39355,1
4380,0
44999,0
6470,0
16912,1
42012,0
18525,1
12356,0
8806,0
13595,0
34703,0
26062,1
39586,0
13980,0
26005,0
47207,0
30757,1
38319,0
26879,0
43304,0
21476,1
23221,1
32211,1
4737,1
9087,0
21892,1
42684,1
18555,1
13862,1
9768,0
28580,0
46035,1
23430,1
42912,0
24012,1
21456,1
32002,0
44965,0
26435,0
27286,0
2547,1
2847,1
9863,1
47479,0
47142,0
18667,0
44252,1
17219,1
44521,1
18237,0
5359,0
6082,0
48947,1
42108,0
3345,0
40432,1
48826,1
9604,1
38130,1
9897,0
48281,1
45255,0
39747,1
2065,1
7429,0
22641,0
35020,0
7540,0
35642,0
35896,0
47607,1
24529,0
18673,0
22823,1
26516,0
24194,0
12,0
16262,1
8613,0
17526,0
29631,1
18044,1
31875,0
31667,1
42519,0
2043,0
43517,0
8368,1
1592,0
9806,0
4140,0
3043,0
21248,1
36202,1
22581,0
38867,0
41585,0
3786,1
44168,1
44544,1
49038,1
25644,1
1060,1
42907,1
1443,0
9759,1
26853,1
45792,1
49727,1
24326,1
25348,1
31536,1
16837,0
1729,1
12320,0
15558,0
38693,0
2775,1
11553,1
28689,0
49132,0
26244,1
13374,0
18976,1
20902,0
17369,0
6145,0
47818,1
3123,0
333,0
31740,0
13634,1
33367,1
43027,0
44413,1
4700,0
23634,0
22116,1
5581,1
15893,0
17880,0
47786,0
38200,0
33721,0
23542,1
28858,1
49670,1
6628,0
11992,1
16024,0
21067,0
5765,1
6046,0
38321,1
35990,0
19707,0
24320,0
31911,1
21557,0
9554,0
20185,0
9585,1
29795,0
18955,0
4583,0
31567,1
10326,0
13766,1
27203,1
18517,1
45569,1
1545,1
35937,1
1357,1
44546,0
35070,0
25613,1
48341,1
33731,0
25932,1
37667,1
38666,1
804,0
12994,1
16172,1
48953,0
3603,0
30604,0
1125,1
43856,1
757,1
41306,0
19761,0
27566,1
40688,0
13060,1
39092,1
32976,0
5091,0
15469,0
2102,1
42379,1
33946,1
15373,1
26210,0
10363,0
47707,0
39654,1
29747,0
10108,1
22574,1
10443,0
11730,1
29876,0
16232,0
25233,1
16579,0
42641,1
15513,0
34808,0
25764,1
8619,1
17590,0
16356,0
39741,1
12283,1
27704,1
30232,0
39873,1
28110,0
22473,1
2540,0
34465,0
1327,0
47845,1
29583,1
17244,0
13230,1
34230,1
1874,0
21339,0
6711,0
16275,1
407,1
30100,0
2156,0
27989,1
40435,1
3622,1
6994,1
32328,0
48518,1
9109,1
34899,0
15416,0
13863,0
24707,0
2207,1
49989,0
28656,0
3900,0
8713,0
40392,0
22378,0
40411,0
15354,0
47823,1
605,1
2088,0
17673,1
30738,0
34343,1
42397,0
49349,1
35018,1
8274,0
30898,1
16005,0
18999,0
35056,0
20278,0
13000,1
26008,0
1400,1
2001,1
38147,1
41241,0
20400,0
26430,1
430,1
13625,1
166,1
38151,1
29163,0
42975,1
12618,1
30562,1
22839,0
6002,1
22668,1
16288,1
28419,0
15292,1
16840,1
33849,1
14294,1
33698,0
4515,0
35352,1
7810,1
6574,1
10964,1
30879,0
32578,0
5729,0
27358,1
36123,1
33676,1
2090,1
26448,0
1607,0
17664,0
16957,0
38808,0
49512,1
1352,0
41653,0
34605,0
32208,0
27748,1
5478,1
14138,1
49205,0
41727,0
10568,1
10486,0
32780,0
11823,0
15883,1
30571,1
26204,1
18703,1
21505,0
41240,1
40202,0
49272,0
25343,1
45575,0
10558,1
6624,0
34268,1
26076,0
8042,0
33964,0
30869,0
46516,0
29412,0
12410,1
44508,1
17918,1
34826,0
48556,1
45046,0
29144,1
36133,1
46431,1
2272,1
17010,1
31654,0
13834,0
23009,0
33114,1
34737,1
7583,1
41087,0
36940,0
37111,0
28107,0
37212,0
29038,0
49048,1
21385,1
34646,1
3683,1
28272,1
17101,0
41541,0
8258,1
38049,0
28575,0
27318,0
14636,1
34562,1
37778,1
27952,0
42693,1
27128,0
41631,1
19999,1
12582,0
12861,0
25925,0
10998,1
15873,1
15484,0
11777,0
30975,0
16145,1
41905,0
17888,1
37267,0
5039,1
48155,1
24773,1
13420,1
2692,0
1260,1
35965,1
10019,1
4053,1
13309,0
20686,0
20439,0
39241,1
6741,1
31947,1
48786,1
17587,1
16593,0
47318,0
32847,1
16469,1
32632,0
30135,0
49101,1
11201,0
31761,1
31288,0
16681,0
816,0
49475,1
45262,1
10242,1
17628,1
9765,1
49054,0
25277,0
30188,0
33328,0
31845,0
4413,1
16713,1
14001,0
43337,0
49340,0
31221,0
23291,0
14869,1
48050,1
35680,0
45552,1
18789,1
25058,0
15489,1
11435,0
36920,0
25650,1
7250,1
11852,1
24762,0
38190,1
15010,0
14327,0
19922,1
43156,1
24607,1
5143,1
45807,1
2258,0
44648,0
9462,0
8786,0
14521,0
29425,0
30775,0
7427,0
10583,1
41844,0
45516,0
23150,1
3495,1
23757,1
1088,1
26808,1
45252,0
35134,1
46365,0
4313,1
41874,0
6035,1
4723,0
43340,1
35271,0
44645,1
39391,0
15926,1
9106,0
450,1
38306,0
33783,0
46097,0
44638,0
4810,0
7504,0
40434,0
29818,1
48075,1
19716,1
49403,1
6831,0
21083,1
8506,0
45662,0
24991,1
35894,0
25993,1
35835,1
10399,1
2464,0
22985,1
21502,0
36430,1
24143,0
31400,0
47222,0
19394,1
15633,0
39903,1
4067,0
25099,1
5264,0
2793,0
2624,0
48871,0
37026,1
28610,1
35715,1
9469,0
30950,0
651,1
4885,0
47049,1
30239,1
10730,1
46561,0
46213,0
41705,0
47098,1
30870,1
39643,1
12300,1
32699,0
41265,0
48340,1
41016,0
2,0
19450,0
47149,1
2630,1
45457,0
30490,0
4125,1
14648,1
32177,1
25402,1
12354,0
22525,0
14239,0
23708,1
55,1
5174,0
3327,1
3158,0
46094,0
41571,0
38244,0
14481,0
36547,0
1704,1
27570,1
39582,1
25191,1
47459,0
34110,1
15108,1
31257,0
17075,0
49850,1
43886,1
21279,0
45004,1
25089,0
33187,1
20443,0
34962,1
17343,0
16257,0
11813,0
4373,0
28027,0
15980,0
17041,0
46558,0
23740,0
11556,0
32982,0
8463,1
46595,1
46574,1
32571,0
34516,1
6490,0
41678,0
7829,0
30306,1
26736,1
23937,1
31398,1
33450,1
38957,0
1402,0
42644,1
20376,1
33601,0
31957,1
3745,0
35987,0
29314,0
35166,1
17651,0
37430,0
35130,1
43712,0
47129,0
13888,1
32500,1
25627,0
30034,1
14553,0
21296,1
13900,0
39590,1
11440,0
5420,0
9000,0
5454,1
31487,0
27922,1
23792,0
5780,1
38524,0
1008,0
1386,0
12742,0
19076,0
6253,0
3881,1
17339,0
38935,0
39958,1
26020,0
16234,0
4552,0
34988,1
27376,0
35186,0
9680,1
49795,1
897,0
31815,1
27718,0
15909,0
35057,1
19339,0
17910,1
32646,1
24156,1
46823,1
40991,1
19559,1
11090,1
1634,1
5864,0
9475,0
30563,0
34002,0
778,0
25239,0
23847,1
4955,1
40662,0
43666,1
41112,1
46083,1
2898,0
15289,1
33372,0
39394,0
44557,0
42909,1
38430,0
10181,1
28975,0
9164,0
27624,0
19938,0
13899,1
49677,1
41101,0
33931,1
30763,1
39486,1
34347,0
18077,1
47875,1
3307,1
424,1
17212,1
44786,0
28064,0
36896,1
44996,0
16563,0
37158,0
49194,1
34341,1
39116,0
18624,1
48429,0
11587,1
2473,0
2262,1
11384,0
41869,1
4930,0
48739,1
35854,1
22083,0
19260,1
28174,1
40111,1
26609,0
2038,1
18255,1
10776,1
21422,1
45493,1
25253,0
36708,1
45437,0
25306,0
41894,1
31750,0
19254,0
8217,0
45277,1
48691,0
19414,1
3455,0
40605,1
20244,1
4180,1
4219,0
46388,1
19693,0
31660,1
17274,1
27517,1
39898,1
40606,1
27797,1
8669,0
43461,0
3838,1
2234,0
11604,0
21495,1
782,1
17361,1
43402,0
10740,0
6296,1
25295,1
24831,0
26692,0
3785,1
6936,0
10843,1
37852,1
5346,0
12679,1
44899,0
8025,1
37514,0
7858,0
23155,0
34188,0
38937,1
22217,1
8239,0
45238,0
33234,1
16318,0
4534,1
34584,1
19170,1
47691,0
32705,0
24788,1
33745,0
41507,0
16350,1
26830,1
30471,0
14489,0
16135,1
38026,0
33158,1
40175,1
41763,0
22113,1
27117,1
4504,0
13723,1
8008,1
34563,1
38474,1
43732,0
30264,1
22063,1
11847,0
35429,0
26598,0
29009,0
47746,1
31489,1
48070,1
34494,1
47724,1
25968,0
1788,0
13204,0
14759,0
12093,1
42935,0
47492,1
19222,1
17544,1
32938,1
40508,0
28383,0
28740,1
10224,0
13223,0
18487,1
46163,1
41421,0
28831,1
2741,1
10534,1
433,1
12319,0
11835,1
14024,0
17469,1
37935,0
5109,0
14383,0
15154,1
505,1
32624,1
24230,0
20511,0
36841,1
43372,0
33266,1
8879,1
45629,0
19528,1
22408,1
25743,0
34637,0
4433,1
29938,1
7473,1
18204,1
26276,0
32270,0
3724,0
44826,1
11325,1
14539,1
17392,0
47757,0
20087,1
43329,0
20284,0
37718,0
40096,1
18750,1
49624,1
48922,1
8885,1
3211,0
38577,1
47518,1
33840,0
36129,1
15535,0
27243,1
3658,1
21630,0
17950,1
5387,1
22123,0
5999,1
9216,0
36094,0
37017,1
2895,1
40467,0
22263,0
16908,1
10473,0
49266,1
37307,1
14075,1
48033,0
29349,0
20774,0
42657,1
10481,1
40745,1
47152,1
32603,1
15536,0
4551,0
26800,1
40532,0
17309,0
43564,1
43024,0
10723,1
29192,1
49199,1
3276,1
26045,0
22570,0
47454,1
5169,0
11486,0
25967,1
4277,1
41836,0
41864,0
48201,0
49229,0
23381,0
48406,0
7935,1
46362,1
20258,0
21424,0
12173,0
48401,0
44796,1
38309,0
40488,0
3018,1
26740,0
15974,1
45641,1
35473,1
33228,0
43285,1
22647,1
1458,0
6722,0
4935,0
24119,1
31282,1
43257,1
41001,0
29356,1
27913,0
8794,0
17971,0
13716,1
6481,1
45223,0
31085,0
3142,0
14033,0
15015,0
45573,0
32006,1
33133,1
16377,0
727,0
33289,1
38465,1
20736,1
22136,0
14886,1
26584,0
47662,0
3074,0
13243,0
1049,0
15051,0
4780,1
24903,0
12016,0
7943,0
2548,0
13837,0
44960,1
38478,1
8406,0
39622,0
38253,0
8512,1
48359,0
14503,1
29636,1
22665,1
5154,0
28258,0
11597,1
46784,1
18210,1
33220,1
44955,0
810,0
28459,1
5958,0
21872,1
13845,0
42655,1
47556,0
21413,0
42596,0
4828,1
39672,0
15741,1
4077,0
9235,1
11648,0
41286,0
23527,0
14410,0
5235,1
5238,0
41632,1
43006,1
1708,0
1515,0
1112,0
24157,0
7844,0
18961,0
35073,0
22523,1
43865,0
22548,1
33974,1
47385,1
15554,0
19706,1
36454,0
37482,1
92,1
7103,1
14114,0
20737,0
3772,0
28875,0
42177,0
4385,0
46120,0
4147,0
1437,0
38343,1
28771,0
27503,1
6665,1
24283,1
17459,0
6108,1
1350,1
20264,1
47101,0
15797,1
7462,1
672,1
33452,0
24103,1
21709,1
39298,0
32107,0
41838,0
2626,0
40330,1
42446,0
42914,1
47178,0
35266,1
10930,0
34515,1
47303,1
27917,1
6827,0
38340,0
26504,0
32411,1
1281,0
5805,1
38243,1
9064,0
10339,1
3807,0
48859,0
17816,1
23807,0
44172,0
49031,1
7265,1
5959,1
24657,1
29366,1
41760,1
3409,1
14642,1
34885,0
36184,1
38152,1
38292,1
10244,1
21050,0
14721,0
18222,0
17033,0
45597,0
38364,1
37067,1
19265,0
41092,1
1926,0
38890,0
7196,0
4524,0
46137,0
13979,1
34641,0
43502,0
11290,1
49197,0
19018,0
37700,1
6560,0
31415,1
16544,1
47213,0
48717,0
25262,1
41242,0
10961,1
34145,0
39005,0
4843,0
25121,0
40777,0
38385,1
23916,1
20594,0
22043,0
31828,1
45787,1
45384,1
31069,0
35661,0
14246,1
14166,1
36903,0
8833,1
39491,1
37138,0
32228,0
8003,1
25893,1
9376,1
15660,1
3490,0
35555,1
10492,1
38702,0
49399,1
12976,0
23484,0
49984,0
7159,1
32690,1
4576,1
2260,1
21191,0
37106,1
5322,1
4891,0
33973,1
20946,0
32989,0
34490,1
46020,0
41447,0
12855,0
40413,0
7541,1
40056,0
20789,0
45489,1
7080,1
12611,1
29836,0
30444,0
31860,0
40732,1
28109,0
31438,0
12119,1
49678,1
46776,1
2570,0
35316,0
27494,0
29427,0
20745,1
15216,1
48992,1
3887,1
4720,0
30788,0
18556,0
36282,1
47338,1
30589,1
48046,1
6410,0
37398,0
29302,1
41868,1
32082,0
31534,0
6219,0
15497,1
19626,0
5362,0
31502,0
26298,1
24767,0
49195,0
46655,1
11990,0
48249,0
1629,0
11401,1
21132,1
33565,0
14683,1
46937,0
39280,0
30312,1
45810,1
6666,1
6706,1
32237,1
43996,0
42167,1
22148,1
19948,1
24749,1
40221,0
14285,0
33131,1
16221,1
11622,0
19244,1
30569,0
2688,1
31057,0
4779,1
8120,0
18568,1
11588,0
37745,0
13319,0
22789,1
36451,0
24366,0
18442,1
23065,1
11554,0
48336,0
45915,0
44505,1
41417,0
2723,1
40206,1
30226,0
13611,1
44446,1
18395,1
33919,0
5779,1
26139,1
49777,0
37553,1
25355,0
29656,0
369,1
46651,1
29084,1
22437,0
3831,1
10779,0
48456,0
4574,0
27607,1
20854,1
23409,0
26941,1
26689,1
38689,1
40624,0
42235,1
20297,0
16087,1
19035,1
15967,0
18332,0
43969,1
24107,0
7997,0
45863,1
10627,0
22959,1
4039,0
34109,1
7052,1
1959,1
10430,1
7768,0
41685,1
39309,0
49322,0
34301,1
8714,1
47218,0
8313,0
43684,0
20678,1
20495,1
20827,1
15747,0
13176,0
14113,0
28179,0
39403,1
35498,0
18138,0
19959,0
37364,1
19633,0
725,0
32078,0
15157,1
30966,1
46886,0
24628,0
33999,1
48264,0
19685,1
14973,0
3078,0
2631,0
35388,1
33031,0
48719,0
4436,1
19726,0
9148,1
25751,1
21321,1
27720,0
7970,1
1681,0
33218,0
45145,1
16245,0
21338,0
27374,1
23855,1
26579,0
11582,1
22559,1
16434,0
17785,1
40969,1
25353,0
34413,0
7124,0
37972,1
13208,1
4658,1
31787,1
16953,1
20785,0
20329,1
12357,1
44614,1
28766,0
28556,0
45424,1
10631,0
4443,0
21504,1
47838,1
8436,1
28335,0
24975,0
3556,0
4608,1
2651,1
36159,1
39503,1
982,0
29966,1
3954,0
7180,1
44885,1
42969,0
20248,1
402,1
27677,0
38126,0
18640,1
24700,0
25935,0
3811,1
49981,1
46936,1
25147,1
16164,1
41066,1
46023,0
48833,1
23153,0
34534,1
7715,1
46357,0
23676,0
32755,0
351,0
39501,0
39851,1
20710,0
5183,1
24768,1
47578,1
13695,0
14120,1
4206,1
1678,0
15499,0
49202,1
3206,1
21053,1
22096,0
29930,1
8501,1
45185,1
43352,0
37836,0
28357,0
11700,1
12133,0
9050,0
3295,0
7509,0
18280,1
1454,0
38602,1
2076,0
606,0
46880,1
36704,0
5170,1
20623,1
47348,1
36586,0
33659,0
27463,0
16733,1
46453,0
29452,1
20108,0
35649,0
6001,0
22569,1
40013,0
8780,0
46851,1
16523,1
47981,0
26385,1
13630,1
22298,0
13498,0
14691,1
12251,0
15754,0
45873,1
26697,1
9169,0
23451,0
47902,0
24169,0
25752,1
41565,0
24072,1
49615,1
24102,0
4877,1
19989,0
47111,0
28211,0
7376,0
28997,0
9492,0
23949,0
30208,1
18133,1
45084,1
36578,1
36418,1
2679,1
42664,1
17363,0
23591,0
23876,0
16962,0
35562,0
46642,0
40418,0
29264,0
44664,1
2403,1
44992,1
10480,0
30204,0
31368,0
46856,0
19324,0
41299,1
12518,0
34998,1
1381,1
43092,0
23017,1
33155,1
24309,0
9192,1
28531,1
28499,0
1631,0
20310,0
9047,1
40960,1
16437,1
7512,0
14586,0
12154,1
16442,0
834,0
29589,0
8648,0
31894,1
41480,0
15303,0
16319,1
14143,1
39018,1
11232,0
42320,1
4555,0
814,1
11345,0
23368,1
40806,0
4105,1
27492,1
12281,1
27407,1
3718,1
3995,1
4949,0
17513,1
7728,0
4792,1
25767,0
41298,1
39315,0
39908,0
10711,1
4512,0
2593,1
42646,0
43928,0
45999,0
12881,1
25943,1
36308,1
42796,0
11434,0
29290,0
18333,1
3592,0
5289,1
33720,1
35268,0
47489,0
44581,0
44152,0
19872,1
31401,0
30762,1
27790,1
17207,0
20240,1
15090,1
6571,0
8294,0
37144,0
10272,1
20380,1
8182,1
8319,1
48946,0
36425,1
13756,0
47349,0
18872,1
38604,0
10279,1
36876,0
39591,1
41981,0
29410,0
45512,1
10613,1
17715,1
8139,1
116,1
18060,0
3656,0
6475,0
45298,1
10096,1
28934,0
30180,0
8857,1
10084,0
9476,0
37520,1
31146,0
14946,1
9075,0
44771,0
7633,0
40526,0
22979,0
16031,1
8642,0
43364,1
40353,0
9505,1
636,0
32812,1
25386,0
45407,1
37638,1
10118,0
48862,1
11387,1
22912,0
23988,1
15937,0
16046,0
44132,0
744,1
43738,0
23169,0
35432,1
1478,1
36977,0
41990,0
8663,1
38570,1
37471,1
44673,0
37057,0
6954,0
34765,1
39907,1
48052,0
39483,0
7048,1
43741,1
19955,0
49676,1
11616,0
10295,0
33751,0
46504,1
41789,0
43703,0
47761,0
21746,0
32582,1
2864,1
40679,0
40283,0
33116,0
9067,1
11221,1
45425,1
38098,0
21043,1
31216,0
33347,0
38496,0
42467,0
47873,1
6772,0
7527,0
19401,0
7444,0
6468,1
8240,0
5900,0
16952,1
4904,0
32172,1
28429,0
46264,0
49220,1
32520,0
29852,1
46069,0
28055,0
32892,0
48832,1
31471,0
21618,1
3066,1
3657,0
37021,0
22777,1
46745,0
25202,1
16470,0
47076,1
3028,1
36101,1
19107,1
23029,1
36258,0
24775,1
42053,0
26542,1
8517,1
34367,0
12327,1
16402,1
36360,1
33044,0
35909,0
20493,1
25744,1
29762,1
11409,0
25218,0
23198,1
47439,1
18878,1
25716,1
35463,1
54,1
35390,0
32456,0
24022,1
11462,1
11626,0
16,1
35037,0
5973,1
11319,0
27375,1
21721,0
34207,0
29729,0
29310,1
17090,0
28078,1
8430,1
20859,1
16627,0
9691,1
49501,1
6480,1
7266,1
3602,1
9916,0
13952,0
33599,0
49881,1
15533,0
36858,1
6030,1
26877,0
28961,0
22193,1
9328,1
10515,0
20950,1
13755,1
25266,1
31507,1
28143,0
45685,1
40236,1
36400,1
29284,0
48964,0
43201,1
18167,0
13821,0
40692,1
48239,1
38102,1
40461,1
45468,0
14673,0
31365,1
18109,0
15897,1
21736,1
5384,0
35885,1
44700,0
508,0
4686,1
34097,1
4392,0
36895,1
3154,0
5673,1
10332,0
45997,1
16774,0
32701,1
26687,1
22780,0
25053,1
17438,0
20501,0
30189,0
33533,0
43762,0
48303,0
36047,1
21352,1
27890,0
39570,0
12974,0
37125,0
4677,0
45446,1
39817,0
24108,1
1055,1
37548,0
33937,0
3462,1
2386,1
25662,0
22213,1
37563,1
44699,0
39276,1
33429,1
21551,0
33032,0
39853,0
40708,1
8510,0
12306,0
49848,1
36949,1
5850,1
41547,0
33331,1
8896,1
27766,1
21649,1
41201,1
29457,0
21300,0
40269,1
18441,0
44983,0
38771,1
21691,0
21316,1
38869,0
46770,0
16408,0
18572,0
176,0
16983,0
36147,0
20223,1
12704,0
34837,0
7167,1
22685,1
11623,0
38086,1
29102,1
49416,0
41311,1
16468,0
29869,1
32706,0
48632,0
14357,1
6351,0
33893,1
15708,1
6507,0
17454,1
41602,1
2901,0
22553,1
25622,1
22055,0
29032,0
41191,0
25069,0
2535,0
47230,1
23761,1
12705,0
34428,1
17347,0
38028,0
17333,0
45233,1
47356,0
18504,0
2438,0
27381,1
26338,1
25606,1
43661,1
8384,0
42634,0
17085,1
42194,0
23802,1
27693,0
46172,1
17042,1
36755,0
3087,1
38791,0
38561,1
42037,0
32709,1
10276,0
29902,0
39613,0
23043,1
9889,1
12404,1
3020,1
9028,0
19434,0
10570,0
8730,1
22798,1
13923,0
17700,1
24304,1
19438,0
49119,1
19539,0
30143,1
3198,0
9518,1
24305,0
41194,1
27371,1
30171,0
1019,0
49430,1
10800,0
24337,1
16004,1
42773,1
20539,0
9508,0
17485,1
41941,0
9965,1
18861,1
38278,0
5804,0
5440,0
12788,1
14242,1
33142,0
29211,1
42340,1
42043,0
43336,0
38508,1
10461,0
46639,0
17666,0
22744,0
24279,1
11402,1
1902,1
2850,1
9524,0
33409,0
42952,1
31469,1
23179,0
31946,0
31388,1
26531,0
8382,0
41689,1
40889,0
38281,1
1034,1
26108,0
2218,1
7287,1
10357,0
18855,0
9398,1
18922,1
18366,1
42240,1
11266,1
10356,0
24795,1
23559,0
12549,1
12880,1
14756,1
34621,1
46795,0
29787,0
869,1
2401,0
22819,0
26951,1
14986,1
14987,0
16961,0
27156,0
26971,0
26323,1
33595,0
13852,1
15213,1
9963,1
13490,0
23736,1
32313,1
17243,0
42687,0
23384,0
43880,0
44275,0
48394,0
5177,0
28821,1
49240,0
35544,1
43433,1
46725,1
376,1
18609,0
47351,0
14876,1
36273,0
5140,0
43086,1
78,0
25844,0
33975,0
7465,1
26378,0
13809,0
20846,1
9677,0
43957,1
19367,0
12174,0
17065,0
43860,0
14241,1
27955,1
41002,1
44936,1
9939,1
43332,0
23974,1
22761,0
14534,1
33471,1
36848,0
17315,1
2576,1
7615,0
44966,0
19830,1
38425,0
11537,0
5845,1
35650,1
28844,0
32149,1
7573,1
3604,0
3710,1
30500,1
14954,1
20063,1
40951,1
9642,1
3971,0
25593,1
23722,0
27614,1
28452,0
3168,1
21571,0
36336,0
2193,1
44199,1
34630,0
236,1
47678,1
3822,1
11338,1
37062,0
33475,0
44930,1
24560,1
49456,1
11598,0
25161,1
34100,0
49607,0
39535,0
42797,1
35004,1
22630,1
26367,1
8947,1
28669,1
43551,1
18153,1
10770,1
22228,0
2396,1
2710,0
43272,0
3183,0
36746,1
20648,1
22203,1
9626,0
9358,0
14522,0
30536,1
34334,1
10997,1
24896,1
33091,1
30507,0
32163,0
41319,0
11009,1
20844,1
5618,0
26848,0
29819,0
11024,1
8803,1
46829,0
39703,0
34687,0
634,1
16527,1
33786,0
19281,1
22121,1
42754,1
40929,0
9664,1
36286,0
10182,1
39296,1
23879,1
28910,1
27591,1
23872,1
36627,0
30714,1
44944,0
37866,1
18733,0
8700,1
48082,1
11347,1
5306,0
3703,1
29664,0
25905,0
47480,1
11975,0
42892,0
6813,0
41437,0
24125,0
25679,1
17681,1
23332,0
35807,1
22330,1
41851,1
16529,0
18736,0
48921,0
44265,0
32901,0
298,0
20247,0
15786,1
41578,1
1888,0
3779,1
9172,1
3062,0
39227,1
24920,0
40700,1
14738,1
5315,1
19996,1
20627,1
28392,1
11774,1
23650,1
5633,1
46235,1
467,1
310,0
15016,0
44242,0
32538,0
35264,0
35710,0
19879,1
20875,0
16153,1
15860,1
19840,0
30255,1
29377,0
44138,0
12394,1
29558,0
21823,1
31557,0
10592,1
36838,1
29390,0
38566,0
46915,0
44563,0
46342,0
32739,0
6268,0
39113,0
20682,0
47225,1
14311,0
9957,0
30967,1
13388,1
45956,0
14935,1
49627,0
6707,1
38078,0
379,0
15390,0
39194,1
24465,0
15137,1
47285,0
8109,0
22166,1
29811,1
5970,1
3190,1
26424,1
40726,0
10993,0
18325,1
29026,1
26991,0
15785,0
29440,1
32005,1
5803,0
33249,0
11832,0
36045,0
32577,0
9488,0
48310,1
9356,1
12786,1
39617,1
47284,0
4235,0
857,0
20777,1
21363,0
4981,1
30097,0
1942,0
2638,0
36684,1
14087,0
40835,0
6719,0
33635,0
9685,0
17662,0
12456,1
43724,0
14917,1
2231,0
12078,0
7732,0
405,1
41587,0
35158,0
45481,0
41891,0
113,0
3481,0
13803,1
14524,0
38024,1
16575,1
29110,1
15863,1
28519,0
15504,1
39700,0
13619,1
8559,1
11037,1
22951,1
8203,0
42562,1
29196,1
33462,1
7467,1
21328,1
3889,0
24514,1
47224,1
31696,0
25013,0
2341,1
34932,0
11112,0
26825,1
42708,1
29039,1
36932,0
14446,0
26240,1
48892,0
49367,0
12046,0
25174,1
11925,1
43496,1
20042,0
48499,0
48571,0
36697,0
26902,1
40187,0
25780,1
23618,1
24288,0
4462,1
42756,1
41422,1
38408,1
36453,0
47460,0
7043,1
4565,0
32321,0
30564,1
10655,1
7497,0
23551,0
33613,1
28789,1
15940,0
13822,0
45340,1
32382,1
16974,1
1606,1
27401,1
29978,1
21010,1
6246,1
22308,1
46033,0
42147,0
10432,0
11672,1
17437,1
45650,1
10469,1
37481,1
30519,1
47632,0
34349,1
142,0
13392,0
18468,1
17348,0
5218,1
439,1
4002,1
24750,1
23523,1
23497,1
31281,0
17102,0
11519,1
18496,1
16530,1
24380,1
10293,0
27193,1
36366,1
2645,0
1853,1
47706,0
11456,0
44908,0
26890,0
43620,0
383,1
30433,0
24274,1
40002,0
19021,0
45371,1
23648,1
45459,1
31210,1
16722,1
23454,0
28643,0
18079,0
6526,1
45592,1
35165,1
9568,1
46499,1
39788,0
48027,1
39742,0
20573,1
42370,1
9892,1
20778,1
7178,1
26242,1
12942,1
9255,0
44817,0
28661,1
26891,1
12754,0
8544,0
15527,0
2182,0
14733,0
490,0
31942,0
39466,1
1256,0
23392,1
14699,0
18769,1
12103,0
26202,1
37389,0
5709,0
15490,1
47412,1
40185,0
7851,1
27056,0
49792,0
45922,0
23913,1
31840,1
49930,0
13460,0
35675,0
20003,0
31462,1
49712,0
6848,0
545,0
39410,0
30958,0
9464,0
32362,1
38521,1
47419,0
6417,1
5689,1
10796,1
16143,0
7762,0
30424,0
41440,1
6881,1
47530,1
3638,0
19446,1
7156,0
15338,0
17122,0
17617,1
29805,1
1375,0
23424,0
25997,0
17490,0
45605,1
38197,1
7550,0
16316,1
10625,1
30606,1
2976,0
19188,1
49871,0
30078,0
45196,1
25676,0
10686,0
43677,0
28990,1
42419,0
5128,0
21204,1
1502,0
37185,0
45622,0
28783,0
3395,0
49596,0
37285,0
5680,1
41671,0
39632,1
1526,0
12875,1
26299,1
17845,0
36703,1
27418,1
28186,0
9810,0
12110,1
1438,0
32283,1
28992,1
17930,1
21152,1
17518,0
39652,1
36574,1
47020,1
33678,0
34158,1
30827,1
15846,0
12422,0
46711,0
45123,0
14401,1
39367,1
3060,1
5811,0
21146,0
5835,0
31758,1
45517,0
48675,0
28342,0
4201,1
23562,1
22600,0
14161,0
35025,1
27593,0
49553,0
19051,1
29688,1
3141,0
17840,1
48611,1
42080,1
21737,0
832,1
5266,0
578,1
34685,0
32673,1
28700,0
49694,0
3149,1
49003,0
46830,1
20457,0
36368,0
41644,1
25289,1
28987,0
670,0
13683,1
8992,0
40116,0
41580,0
47804,1
19317,0
47573,0
21757,1
24267,0
2017,0
13941,1
41498,0
11836,0
18381,0
34577,1
14203,1
42214,1
19555,1
22545,0
48961,0
9490,1
8905,0
39442,1
43754,0
985,1
20303,1
42830,0
13880,1
48703,1
4122,0
18851,0
33404,0
30227,1
47896,1
26040,0
43807,0
18302,0
4025,1
41085,0
8755,1
28797,0
7568,1
31330,1
19978,1
21223,0
17743,1
11717,1
5846,1
39198,1
30936,0
36904,1
17223,1
20194,0
33309,0
31066,0
47200,0
49053,0
11972,0
29456,0
174,0
11461,1
7805,1
28986,1
11225,0
30335,1
41074,0
14014,1
28045,0
42959,0
328,0
11968,0
18710,1
7578,1
15050,1
26827,1
20088,1
20018,0
30595,0
48037,0
37243,1
35607,0
44121,0
44317,0
38796,0
9896,0
37220,1
47758,0
20277,1
48356,1
7651,0
8851,1
2124,0
16721,0
9880,0
4395,1
24011,1
41321,0
22885,0
23101,1
31701,1
11880,1
40390,0
16565,0
4776,0
36592,1
5343,1
8719,1
38546,1
30918,1
9730,1
31052,0
206,1
2993,0
29565,0
6976,0
10630,1
46105,0
3947,0
6900,0
42406,1
10247,0
49000,0
29520,1
43978,1
40400,0
37696,1
22229,1
12764,0
23829,0
49589,1
9340,0
293,1
38836,0
45402,0
23861,1
28061,0
40480,0
21155,0
542,0
41694,1
29626,0
22069,1
29672,0
45058,1
8711,0
8309,0
42882,0
42936,1
48593,0
36482,1
9190,0
20895,1
25436,0
40600,0
33368,1
46773,0
12573,0
34017,1
26277,0
19697,0
9789,0
10346,0
4328,0
16729,0
19799,1
33183,0
20542,0
22593,1
28835,0
49861,1
9219,0
20700,0
23300,0
10128,0
31135,1
38268,1
43498,0
43217,1
25891,0
42791,1
35154,0
8606,0
38845,0
40594,1
38995,1
34350,0
22141,1
29087,0
41953,1
8288,1
37655,0
10861,0
28065,0
6125,1
19198,0
24989,0
15961,1
38006,1
41052,1
36683,0
29469,0
14031,0
32956,0
12792,0
44864,0
45537,0
19661,0
17984,1
48677,1
4484,0
28976,1
13706,0
18226,1
325,0
5755,0
6983,1
12488,1
7909,1
22297,1
16997,1
23026,1
13491,0
9373,1
14030,1
34780,1
40695,1
20148,1
33276,0
33380,0
21272,0
37771,1
14939,1
26685,0
28788,1
8446,0
35991,0
2681,1
20354,1
11874,0
29988,1
41312,0
26379,1
33912,1
37024,0
43669,0
43915,0
49355,0
22618,1
25490,0
39854,1
16180,0
35537,1
32862,0
8333,0
8095,0
5726,0
7664,0
38165,0
16901,0
37157,0
11044,1
8494,0
30605,1
37601,1
27959,1
14957,0
12436,1
1455,1
30275,1
13478,1
14686,1
32763,1
29371,0
7745,0
2312,1
42248,0
35114,1
37211,1
42780,1
15745,0
5338,0
23220,0
44640,0
22467,0
27615,0
4770,1
4501,0
28841,0
46747,0
34402,0
30590,0
8681,0
22252,1
43378,1
17254,1
35553,0
44441,1
17495,1
33517,0
49444,0
18510,0
8163,1
22727,0
23328,1
12501,0
4403,1
43934,1
40858,0
44917,0
46644,1
31588,1
15928,1
14758,1
39529,0
20104,0
26229,1
32743,0
29695,1
14079,0
2284,0
29780,1
27962,1
6106,1
700,1
29429,1
32787,0
44308,1
2949,1
47676,0
46545,0
16935,0
37196,0
13343,0
29917,1
48828,1
2104,1
17356,0
25673,1
21381,1
48408,1
24035,0
15451,0
28873,0
49754,1
28088,1
17667,0
47652,0
13052,0
23703,1
44017,1
8348,0
36183,0
8977,1
10828,0
46853,1
49109,0
3257,0
45212,1
3997,0
22468,0
49900,1
10903,0
44534,1
280,0
10837,0
4453,0
7441,0
15481,0
43760,1
28037,1
11661,1
32290,0
1948,1
49209,0
26319,1
34177,1
35094,0
11571,1
35746,1
5329,1
41633,0
39320,0
266,1
44479,1
46815,1
45486,1
26349,1
8060,1
32581,1
24589,0
6595,0
18402,1
14028,1
34660,1
17487,1
31240,0
26917,0
32894,1
36506,0
704,0
12664,0
5482,1
24153,1
31127,0
17410,0
3393,1
12256,1
47361,1
25203,1
14402,0
8575,0
27858,1
41635,0
49695,1
12550,0
26907,0
8586,1
2136,0
12240,0
17964,0
12190,0
16967,1
8471,1
42252,1
25766,1
40261,1
12644,1
43527,1
43004,0
1666,1
9414,0
31451,1
995,1
30541,1
21240,1
49869,1
48714,1
5252,1
47014,1
46300,1
27661,0
4522,0
30901,1
33211,0
32371,1
13131,1
16224,1
34386,0
2534,0
45040,0
43108,0
42018,0
15639,1
38443,1
48766,0
42453,0
22601,0
25669,1
36083,1
25980,0
2798,1
6330,1
21399,1
30751,1
21260,0
49642,1
21658,0
44477,1
2419,1
45623,0
41161,0
44481,0
28206,0
1282,1
4076,0
39950,0
13736,0
4967,1
35226,1
39267,0
4240,1
8024,0
17974,0
46760,0
14177,0
26910,1
7021,1
36319,0
15198,1
24572,0
19749,0
42691,0
18116,0
11405,0
2748,0
43002,0
21734,0
13556,0
27951,0
11783,0
16522,0
38532,1
42720,0
32114,1
5968,1
13969,0
26360,0
30715,1
23380,1
11356,1
16200,0
21690,0
31908,0
40709,1
11007,0
24887,1
8710,1
6365,0
15308,0
33215,0
42414,1
16679,1
36573,1
6734,0
3679,1
46258,0
39399,0
40060,1
48274,0
13632,1
9058,0
6139,1
33667,1
14247,0
4964,0
5690,0
17247,0
27474,0
28346,1
8508,1
43166,1
10257,1
33070,0
382,0
35848,1
20488,0
44553,1
4404,0
25507,1
43055,1
19102,1
29485,0
15349,1
22322,0
46179,1
22871,1
20078,1
26447,1
29608,1
13860,0
20243,1
23641,0
28077,1
17766,0
7685,1
32427,1
13818,1
11838,0
3986,0
9250,1
27027,1
23307,0
39120,1
47951,0
25135,0
4247,0
22720,0
8483,1
5497,1
11404,1
16392,0
13028,1
39657,0
618,0
24032,0
45428,0
34938,0
9797,0
47950,0
35404,1
23476,1
13314,0
129,1
26152,0
31180,0
47256,1
7175,1
37210,0
356,1
36601,0
18148,1
41879,0
3405,0
15805,1
29352,0
17133,0
8829,0
34896,0
5644,1
4327,0
4845,0
14280,0
22307,1
44146,1
46717,0
37998,0
5455,1
35690,0
41834,0
44797,1
43377,1
49737,1
25816,0
30587,1
9629,1
33880,1
5815,1
2243,0
25094,0
48780,0
21229,0
39003,0
28892,1
4799,0
20000,1
4846,0
31128,0
3284,1
35966,0
26485,0
47386,0
41952,1
11426,1
49962,1
48781,0
45090,0
22681,1
20455,1
36762,1
3273,1
41561,0
35996,1
9399,0
6885,0
16219,0
45939,1
26138,1
25371,1
46455,1
14287,0
25765,0
30496,1
34289,1
49987,0
47766,0
8874,1
20856,0
10451,0
14210,0
7172,0
34519,1
4852,1
3067,0
35072,1
19041,0
15526,0
14817,1
11151,0
12164,0
2450,0
37485,1
26962,1
23813,1
47114,0
14894,1
14712,0
39448,1
47666,0
39636,1
4945,1
31961,1
7794,0
39816,0
12632,1
18981,0
840,0
1723,0
25231,1
18659,1
23431,0
10269,0
27053,1
39517,0
26275,1
41780,0
43773,0
27497,1
29832,1
263,1
20489,0
47279,0
1986,0
14370,1
23962,1
9057,0
29842,1
44419,0
3862,0
13949,0
15200,0
9750,1
24546,0
47816,1
15522,0
33746,0
12214,0
6188,0
30598,0
10251,0
19646,0
11516,1
34858,1
28491,0
38645,1
26905,0
13070,1
1540,0
20250,0
24335,0
6664,1
23185,0
37612,1
10285,1
13656,0
20263,0
13258,1
1699,1
32057,1
635,1
20232,1
48932,0
25335,0
28981,1
23709,1
49806,0
27437,1
43616,0
21884,0
8899,0
49064,0
127,1
34482,0
29239,1
4050,0
706,0
44598,0
16315,1
28849,0
45281,0
28583,0
682,1
37390,1
20536,1
11561,1
1077,0
1319,0
45216,1
49143,1
22963,1
31117,0
1183,0
21044,0
10823,0
49621,1
19810,0
41880,1
45034,1
4302,1
19081,1
31628,1
10878,0
5707,1
436,1
19644,0
27935,0
36118,1
46803,1
40765,0
31896,0
9331,1
28438,1
20609,0
6531,1
43231,1
23397,1
2697,1
13371,1
25150,1
48812,0
40585,0
2506,1
48147,0
35530,1
22974,1
4988,1
4796,0
27555,0
21617,0
36544,0
30031,1
23657,0
3674,0
24588,0
31643,1
5608,0
27453,1
4481,0
27326,0
41806,1
6083,1
48585,1
44754,0
44947,0
8432,1
26010,1
10923,0
16173,0
9785,0
45496,0
37114,1
6444,0
43782,0
845,1
25259,1
25707,0
37094,0
40162,1
11023,0
48119,1
28695,0
38646,1
514,1
43046,0
26151,0
43764,0
42973,0
37994,0
336,1
17263,0
3864,0
40455,1
12145,1
13082,1
8944,0
24632,1
20685,1
30040,1
9143,0
42497,0
29606,1
17689,1
37543,1
31189,1
39991,0
47185,1
10806,0
1915,1
4017,0
34381,1
7822,0
8980,0
2303,1
4475,0
23662,1
7328,0
49487,0
29176,0
3489,1
14189,0
41148,1
25760,0
20392,0
34054,0
38781,0
12997,1
43946,1
29771,1
47264,1
30299,1
45104,0
20452,0
37585,1
11961,0
49181,0
11313,0
15564,0
18256,0
48627,1
23480,1
12451,0
23460,1
22024,1
23888,0
42279,0
43949,1
19925,0
36090,1
7665,0
33018,0
4171,0
19585,0
31687,1
27608,1
46121,0
35354,0
11160,1
21252,1
8882,0
2893,1
30468,1
40417,0
877,1
48232,1
1435,0
15116,1
3842,1
18964,0
45947,0
23410,0
27521,0
29946,1
8904,1
2044,0
22994,1
8618,1
40099,1
30593,0
18199,1
33461,0
8057,0
45178,1
49025,0
29809,1
17830,1
5700,1
32915,0
19856,1
45831,0
27089,1
5078,1
993,1
24136,0
39398,1
46543,0
10733,0
31241,0
12298,0
12987,1
39651,0
13508,1
26567,1
37107,1
33683,1
1365,0
3579,0
15845,1
7425,0
48598,0
31501,1
1643,1
10836,1
41164,1
18991,1
16695,0
48697,0
26232,0
47251,1
38018,1
12821,0
1886,0
22465,0
16827,1
9686,0
43127,1
17649,0
13144,1
46958,1
22860,0
41030,1
41433,1
6515,1
43867,0
4897,0
4765,0
8006,0
32196,0
36715,1
7388,1
29897,1
49867,0
48576,1
1396,1
37969,0
12636,1
30246,1
46477,0
9125,1
37800,1
2202,1
16615,1
24122,0
20177,1
9519,0
10931,1
16146,0
41168,0
3173,0
40109,1
33518,1
24970,1
42512,0
36572,0
3926,1
42880,0
4689,0
26781,0
37308,0
3743,0
12296,1
48732,0
28413,1
16833,1
20781,1
33858,0
17788,1
481,1
39249,0
11265,1
15549,0
40041,0
14296,1
2091,1
2058,1
42642,0
18520,1
41111,0
4168,0
41093,1
33244,1
42974,1
597,1
38636,0
36149,1
32926,1
7717,1
24723,1
46570,1
24299,1
22162,0
23585,0
4491,1
29709,1
134,1
49535,0
41825,0
30599,1
19773,0
40172,1
44582,1
9874,0
3155,1
12909,0
35133,0
42863,0
15857,0
34104,1
24440,1
5432,0
22968,1
40391,1
2597,0
14932,0
17675,0
48422,1
1098,1
3458,1
27900,0
46732,1
36098,1
47433,0
12081,0
39626,1
6821,0
7576,1
41863,1
11141,0
10900,0
24486,0
12339,0
33201,0
20007,0
8662,0
34470,0
4326,0
37991,1
10280,1
21689,1
45177,1
471,0
42104,0
961,0
37190,1
29312,0
25682,1
33149,1
6500,0
32016,0
44117,1
37511,0
43722,1
9229,0
40369,1
44641,1
20965,1
31751,0
22295,0
21856,1
11444,1
41249,1
9845,0
34359,1
39883,1
9454,1
27845,0
48140,1
9917,1
15134,0
39292,1
37766,1
37134,1
38196,0
11042,1
6767,1
5792,1
28003,0
49892,0
8327,0
34138,1
28869,0
73,0
21886,1
22899,0
18464,0
17709,0
34627,0
37487,0
44639,1
40452,1
42103,1
813,1
44986,1
200,1
11911,0
18637,1
12026,1
19300,1
21378,0
22348,1
45097,1
8907,1
40596,1
35222,1
30425,0
28124,0
15468,0
9928,1
